  0, 22401
  1, 110204
  2, 63900
  3, 95884
  4, 117658
  5, 153728
  6, 197091
  7, 215519
  8, 235364
  9, 267371
  10, 270336
  11, 281153
  12, 285153
  13, 282875
  14, 282729
  15, 282011
  16, 280567
  17, 278930
  18, 278909
  19, 278314
  20, 277458
  21, 276399
  22, 274673
  23, 271200
  24, 270047
  25, 268116
  26, 265821
  27, 264623
  28, 260369
  29, 258723
  30, 255289
  31, 253827
  32, 249850
  33, 249909
  34, 245771
  35, 243822
  36, 241340
  37, 239977
  38, 236786
  39, 234998
  40, 232187
  41, 231441
  42, 228604
  43, 227001
  44, 224485
  45, 223139
  46, 220414
  47, 218184
  48, 216492
  49, 214768
  50, 213823
  51, 211597
  52, 209845
  53, 209431
  54, 206112
  55, 204632
  56, 202246
  57, 201888
  58, 198634
  59, 196634
  60, 196347
  61, 193143
  62, 191487
  63, 190117
  64, 188000
  65, 187792
  66, 184672
  67, 183789
  68, 181622
  69, 179519
  70, 178532
  71, 176934
  72, 174712
  73, 173716
  74, 172182
  75, 170549
  76, 168994
  77, 167452
  78, 166508
  79, 164958
  80, 162997
  81, 161238
  82, 160322
  83, 158183
  84, 157093
  85, 155282
  86, 154532
  87, 153253
  88, 151353
  89, 149385
  90, 148081
  91, 146700
  92, 146013
  93, 143470
  94, 143220
  95, 142073
  96, 139800
  97, 139461
  98, 138311
  99, 136682
  100, 134870
  101, 133383
  102, 132348
  103, 130225
  104, 129708
  105, 128682
  106, 127244
  107, 125158
  108, 124199
  109, 123953
  110, 122052
  111, 121045
  112, 119302
  113, 119132
  114, 118146
  115, 116933
  116, 115307
  117, 113906
  118, 113094
  119, 111411
  120, 110229
  121, 109964
  122, 109178
  123, 107901
  124, 106195
  125, 105593
  126, 103776
  127, 103597
  128, 102138
  129, 101293
  130, 100499
  131, 98790
  132, 98220
  133, 97486
  134, 96598
  135, 95948
  136, 93972
  137, 93619
  138, 92233
  139, 91554
  140, 91487
  141, 89385
  142, 89025
  143, 87782
  144, 87044
  145, 86293
  146, 85593
  147, 84976
  148, 83576
  149, 83108
  150, 81717
  151, 81307
  152, 80761
  153, 80191
  154, 78947
  155, 78341
  156, 77364
  157, 76526
  158, 76473
  159, 75566
  160, 75030
  161, 73852
  162, 72959
  163, 72763
  164, 71838
  165, 71216
  166, 69976
  167, 69460
  168, 68902
  169, 68208
  170, 67517
  171, 67026
  172, 66519
  173, 65334
  174, 65573
  175, 64171
  176, 63585
  177, 63320
  178, 62748
  179, 62309
  180, 61075
  181, 60836
  182, 60033
  183, 59846
  184, 59539
  185, 58058
  186, 57986
  187, 57573
  188, 57015
  189, 55507
  190, 55931
  191, 54973
  192, 54598
  193, 54112
  194, 53960
  195, 53796
  196, 52906
  197, 51918
  198, 52203
  199, 51483
  200, 51242
  201, 50156
  202, 50025
  203, 49642
  204, 48911
  205, 48541
  206, 48218
  207, 47821
  208, 47013
  209, 46673
  210, 46551
  211, 45578
  212, 45303
  213, 44829
  214, 44231
  215, 44043
  216, 43674
  217, 43327
  218, 42760
  219, 42630
  220, 42607
  221, 41832
  222, 41241
  223, 40973
  224, 40474
  225, 40156
  226, 40176
  227, 39413
  228, 39429
  229, 39039
  230, 38485
  231, 38036
  232, 37548
  233, 37457
  234, 37061
  235, 36873
  236, 36353
  237, 36248
  238, 35841
  239, 35839
  240, 35567
  241, 35173
  242, 34828
  243, 34622
  244, 34190
  245, 33880
  246, 33495
  247, 33241
  248, 33239
  249, 32982
  250, 32330
  251, 31963
  252, 31736
  253, 31559
  254, 31359
  255, 31191
  256, 30925
  257, 30744
  258, 29956
  259, 29645
  260, 29708
  261, 29122
  262, 29272
  263, 29009
  264, 29019
  265, 28602
  266, 28169
  267, 28033
  268, 27570
  269, 28097
  270, 27477
  271, 27176
  272, 26907
  273, 26762
  274, 26668
  275, 26300
  276, 26139
  277, 25822
  278, 25659
  279, 25346
  280, 24958
  281, 24696
  282, 24734
  283, 24458
  284, 24186
  285, 23898
  286, 23905
  287, 23653
  288, 23847
  289, 23569
  290, 23105
  291, 23012
  292, 22985
  293, 22829
  294, 22325
  295, 22251
  296, 22521
  297, 21879
  298, 21985
  299, 21604
  300, 21388
  301, 21125
  302, 21062
  303, 21161
  304, 20964
  305, 20572
  306, 20550
  307, 20516
  308, 20308
  309, 19957
  310, 20046
  311, 19550
  312, 19466
  313, 19369
  314, 19116
  315, 18928
  316, 18841
  317, 18607
  318, 18919
  319, 18603
  320, 18234
  321, 18078
  322, 18100
  323, 17931
  324, 17822
  325, 17456
  326, 17339
  327, 17325
  328, 17074
  329, 17159
  330, 17040
  331, 16816
  332, 16774
  333, 16597
  334, 16803
  335, 16231
  336, 16202
  337, 16361
  338, 15984
  339, 16214
  340, 15874
  341, 15603
  342, 15523
  343, 15527
  344, 15409
  345, 15177
  346, 15246
  347, 15066
  348, 14673
  349, 14738
  350, 14663
  351, 14461
  352, 14421
  353, 14243
  354, 14337
  355, 14328
  356, 14039
  357, 14052
  358, 13962
  359, 13779
  360, 13580
  361, 13677
  362, 13556
  363, 13251
  364, 13248
  365, 12963
  366, 13178
  367, 13028
  368, 12888
  369, 12866
  370, 12742
  371, 12612
  372, 12493
  373, 12551
  374, 12288
  375, 12443
  376, 12196
  377, 12229
  378, 12130
  379, 11906
  380, 11951
  381, 11783
  382, 11717
  383, 11745
  384, 11557
  385, 11663
  386, 11142
  387, 11309
  388, 11300
  389, 11229
  390, 11135
  391, 11183
  392, 11166
  393, 10839
  394, 10806
  395, 10814
  396, 10844
  397, 10614
  398, 10566
  399, 10435
  400, 10238
  401, 10230
  402, 10118
  403, 10036
  404, 10172
  405, 9985
  406, 10024
  407, 9814
  408, 10020
  409, 9792
  410, 9652
  411, 9682
  412, 9640
  413, 9536
  414, 9479
  415, 9414
  416, 9379
  417, 9279
  418, 9193
  419, 9225
  420, 9211
  421, 9021
  422, 9026
  423, 8878
  424, 8816
  425, 8846
  426, 8820
  427, 8635
  428, 8470
  429, 8675
  430, 8581
  431, 8614
  432, 8496
  433, 8592
  434, 8237
  435, 8316
  436, 8348
  437, 8311
  438, 8001
  439, 8101
  440, 8155
  441, 8065
  442, 8053
  443, 7997
  444, 7914
  445, 7885
  446, 7526
  447, 7602
  448, 7711
  449, 7526
  450, 7586
  451, 7547
  452, 7574
  453, 7426
  454, 7420
  455, 7393
  456, 7281
  457, 7203
  458, 7024
  459, 7051
  460, 7009
  461, 7045
  462, 6978
  463, 7089
  464, 6966
  465, 6938
  466, 6911
  467, 6748
  468, 6655
  469, 6730
  470, 6797
  471, 6751
  472, 6701
  473, 6593
  474, 6610
  475, 6469
  476, 6374
  477, 6389
  478, 6380
  479, 6398
  480, 6220
  481, 6158
  482, 6300
  483, 6203
  484, 6059
  485, 6148
  486, 6204
  487, 6034
  488, 6161
  489, 5947
  490, 5756
  491, 5978
  492, 5890
  493, 5836
  494, 5665
  495, 5760
  496, 5718
  497, 5753
  498, 5761
  499, 5552
  500, 5692
  501, 5546
  502, 5656
  503, 5418
  504, 5426
  505, 5239
  506, 5522
  507, 5356
  508, 5445
  509, 5424
  510, 5298
  511, 5244
  512, 5198
  513, 5369
  514, 5210
  515, 5019
  516, 5193
  517, 5226
  518, 5167
  519, 4981
  520, 4933
  521, 4933
  522, 4941
  523, 5080
  524, 4982
  525, 4780
  526, 4751
  527, 4823
  528, 4809
  529, 4709
  530, 4794
  531, 4719
  532, 4762
  533, 4822
  534, 4715
  535, 4725
  536, 4526
  537, 4381
  538, 4661
  539, 4351
  540, 4377
  541, 4415
  542, 4312
  543, 4420
  544, 4422
  545, 4361
  546, 4231
  547, 4430
  548, 4227
  549, 4310
  550, 4223
  551, 4433
  552, 4190
  553, 4281
  554, 4137
  555, 4158
  556, 4254
  557, 4185
  558, 4041
  559, 4041
  560, 3980
  561, 3974
  562, 3959
  563, 4068
  564, 3926
  565, 3922
  566, 4017
  567, 3997
  568, 3853
  569, 3841
  570, 3941
  571, 3827
  572, 3712
  573, 3809
  574, 3810
  575, 3777
  576, 3710
  577, 3696
  578, 3740
  579, 3535
  580, 3709
  581, 3698
  582, 3537
  583, 3524
  584, 3620
  585, 3640
  586, 3473
  587, 3567
  588, 3452
  589, 3473
  590, 3471
  591, 3451
  592, 3433
  593, 3383
  594, 3462
  595, 3450
  596, 3377
  597, 3361
  598, 3335
  599, 3324
  600, 3301
  601, 3266
  602, 3347
  603, 3118
  604, 3323
  605, 3193
  606, 3303
  607, 3217
  608, 3120
  609, 3060
  610, 3121
  611, 3129
  612, 3075
  613, 3102
  614, 3031
  615, 3038
  616, 3063
  617, 3037
  618, 3032
  619, 2998
  620, 2861
  621, 2988
  622, 2914
  623, 2833
  624, 3008
  625, 2980
  626, 2894
  627, 2859
  628, 2951
  629, 2775
  630, 2844
  631, 2815
  632, 2752
  633, 2831
  634, 2728
  635, 2754
  636, 2824
  637, 2752
  638, 2747
  639, 2730
  640, 2706
  641, 2654
  642, 2646
  643, 2698
  644, 2734
  645, 2537
  646, 2681
  647, 2509
  648, 2648
  649, 2611
  650, 2664
  651, 2610
  652, 2583
  653, 2578
  654, 2508
  655, 2539
  656, 2581
  657, 2496
  658, 2638
  659, 2486
  660, 2421
  661, 2420
  662, 2400
  663, 2367
  664, 2418
  665, 2368
  666, 2317
  667, 2348
  668, 2388
  669, 2379
  670, 2392
  671, 2333
  672, 2335
  673, 2379
  674, 2339
  675, 2310
  676, 2389
  677, 2289
  678, 2212
  679, 2192
  680, 2320
  681, 2220
  682, 2289
  683, 2225
  684, 2151
  685, 2234
  686, 2197
  687, 2210
  688, 2155
  689, 2233
  690, 2203
  691, 2101
  692, 2105
  693, 2158
  694, 2100
  695, 2110
  696, 2080
  697, 1989
  698, 2078
  699, 2069
  700, 2111
  701, 2087
  702, 2047
  703, 2049
  704, 1931
  705, 2027
  706, 1970
  707, 2020
  708, 1924
  709, 2016
  710, 1966
  711, 1941
  712, 1920
  713, 1992
  714, 1853
  715, 1971
  716, 1948
  717, 1869
  718, 1936
  719, 1916
  720, 1878
  721, 1918
  722, 1854
  723, 1792
  724, 1899
  725, 1812
  726, 1931
  727, 1808
  728, 1871
  729, 1767
  730, 1846
  731, 1725
  732, 1796
  733, 1745
  734, 1822
  735, 1741
  736, 1786
  737, 1791
  738, 1801
  739, 1756
  740, 1767
  741, 1799
  742, 1688
  743, 1757
  744, 1718
  745, 1617
  746, 1791
  747, 1705
  748, 1642
  749, 1739
  750, 1644
  751, 1688
  752, 1691
  753, 1692
  754, 1627
  755, 1632
  756, 1630
  757, 1627
  758, 1600
  759, 1584
  760, 1627
  761, 1542
  762, 1586
  763, 1588
  764, 1547
  765, 1603
  766, 1556
  767, 1517
  768, 1546
  769, 1560
  770, 1554
  771, 1489
  772, 1611
  773, 1592
  774, 1557
  775, 1568
  776, 1485
  777, 1483
  778, 1463
  779, 1447
  780, 1542
  781, 1500
  782, 1434
  783, 1463
  784, 1482
  785, 1379
  786, 1417
  787, 1418
  788, 1494
  789, 1426
  790, 1359
  791, 1340
  792, 1435
  793, 1379
  794, 1470
  795, 1401
  796, 1361
  797, 1383
  798, 1298
  799, 1331
  800, 1399
  801, 1375
  802, 1359
  803, 1374
  804, 1330
  805, 1373
  806, 1323
  807, 1302
  808, 1277
  809, 1277
  810, 1340
  811, 1256
  812, 1269
  813, 1328
  814, 1276
  815, 1242
  816, 1291
  817, 1338
  818, 1300
  819, 1238
  820, 1291
  821, 1180
  822, 1199
  823, 1233
  824, 1258
  825, 1197
  826, 1228
  827, 1244
  828, 1180
  829, 1211
  830, 1206
  831, 1238
  832, 1238
  833, 1209
  834, 1214
  835, 1184
  836, 1119
  837, 1163
  838, 1165
  839, 1120
  840, 1157
  841, 1196
  842, 1132
  843, 1140
  844, 1121
  845, 1131
  846, 1125
  847, 1099
  848, 1111
  849, 1117
  850, 1093
  851, 1138
  852, 1133
  853, 1116
  854, 1034
  855, 1075
  856, 1084
  857, 1051
  858, 1076
  859, 1055
  860, 1040
  861, 1077
  862, 1127
  863, 1019
  864, 1077
  865, 1068
  866, 1034
  867, 1070
  868, 1089
  869, 1050
  870, 1026
  871, 1039
  872, 1035
  873, 1063
  874, 1038
  875, 1057
  876, 981
  877, 1019
  878, 986
  879, 1014
  880, 1052
  881, 1001
  882, 1005
  883, 974
  884, 967
  885, 972
  886, 1004
  887, 927
  888, 955
  889, 987
  890, 978
  891, 1009
  892, 924
  893, 1039
  894, 976
  895, 900
  896, 910
  897, 906
  898, 950
  899, 979
  900, 846
  901, 914
  902, 900
  903, 946
  904, 930
  905, 948
  906, 925
  907, 867
  908, 938
  909, 883
  910, 849
  911, 854
  912, 831
  913, 912
  914, 894
  915, 816
  916, 945
  917, 901
  918, 849
  919, 868
  920, 832
  921, 867
  922, 887
  923, 846
  924, 828
  925, 862
  926, 863
  927, 816
  928, 855
  929, 790
  930, 853
  931, 779
  932, 871
  933, 847
  934, 853
  935, 803
  936, 768
  937, 817
  938, 757
  939, 771
  940, 813
  941, 785
  942, 819
  943, 833
  944, 779
  945, 803
  946, 750
  947, 815
  948, 746
  949, 822
  950, 774
  951, 787
  952, 798
  953, 775
  954, 830
  955, 796
  956, 745
  957, 762
  958, 745
  959, 751
  960, 766
  961, 803
  962, 732
  963, 731
  964, 740
  965, 754
  966, 759
  967, 738
  968, 700
  969, 744
  970, 736
  971, 712
  972, 715
  973, 723
  974, 686
  975, 708
  976, 717
  977, 680
  978, 706
  979, 698
  980, 773
  981, 645
  982, 699
  983, 659
  984, 677
  985, 696
  986, 688
  987, 665
  988, 705
  989, 694
  990, 716
  991, 703
  992, 665
  993, 631
  994, 693
  995, 673
  996, 638
  997, 637
  998, 678
  999, 686
  1000, 700
  1001, 652
  1002, 667
  1003, 634
  1004, 591
  1005, 652
  1006, 652
  1007, 639
  1008, 650
  1009, 648
  1010, 607
  1011, 603
  1012, 638
  1013, 671
  1014, 658
  1015, 651
  1016, 657
  1017, 635
  1018, 611
  1019, 578
  1020, 620
  1021, 572
  1022, 623
  1023, 599
  1024, 559
  1025, 662
  1026, 587
  1027, 603
  1028, 620
  1029, 609
  1030, 603
  1031, 609
  1032, 631
  1033, 585
  1034, 601
  1035, 574
  1036, 593
  1037, 604
  1038, 602
  1039, 567
  1040, 541
  1041, 505
  1042, 581
  1043, 619
  1044, 557
  1045, 620
  1046, 629
  1047, 572
  1048, 558
  1049, 531
  1050, 545
  1051, 550
  1052, 542
  1053, 567
  1054, 526
  1055, 597
  1056, 570
  1057, 582
  1058, 577
  1059, 539
  1060, 524
  1061, 515
  1062, 495
  1063, 543
  1064, 543
  1065, 499
  1066, 539
  1067, 532
  1068, 553
  1069, 534
  1070, 517
  1071, 523
  1072, 538
  1073, 501
  1074, 515
  1075, 484
  1076, 488
  1077, 540
  1078, 518
  1079, 496
  1080, 491
  1081, 519
  1082, 503
  1083, 475
  1084, 485
  1085, 511
  1086, 454
  1087, 488
  1088, 494
  1089, 506
  1090, 478
  1091, 486
  1092, 470
  1093, 466
  1094, 468
  1095, 452
  1096, 457
  1097, 477
  1098, 485
  1099, 490
  1100, 463
  1101, 477
  1102, 474
  1103, 502
  1104, 473
  1105, 478
  1106, 471
  1107, 443
  1108, 452
  1109, 448
  1110, 468
  1111, 412
  1112, 479
  1113, 469
  1114, 450
  1115, 469
  1116, 443
  1117, 455
  1118, 429
  1119, 442
  1120, 437
  1121, 437
  1122, 432
  1123, 441
  1124, 434
  1125, 458
  1126, 446
  1127, 458
  1128, 459
  1129, 433
  1130, 427
  1131, 421
  1132, 414
  1133, 420
  1134, 401
  1135, 419
  1136, 440
  1137, 407
  1138, 422
  1139, 440
  1140, 402
  1141, 414
  1142, 418
  1143, 440
  1144, 439
  1145, 418
  1146, 396
  1147, 378
  1148, 398
  1149, 396
  1150, 420
  1151, 410
  1152, 425
  1153, 411
  1154, 425
  1155, 422
  1156, 378
  1157, 384
  1158, 404
  1159, 426
  1160, 403
  1161, 395
  1162, 407
  1163, 419
  1164, 383
  1165, 376
  1166, 412
  1167, 345
  1168, 399
  1169, 389
  1170, 380
  1171, 370
  1172, 429
  1173, 383
  1174, 367
  1175, 398
  1176, 390
  1177, 357
  1178, 354
  1179, 361
  1180, 391
  1181, 377
  1182, 375
  1183, 359
  1184, 384
  1185, 353
  1186, 325
  1187, 369
  1188, 360
  1189, 363
  1190, 340
  1191, 370
  1192, 360
  1193, 373
  1194, 353
  1195, 360
  1196, 369
  1197, 336
  1198, 379
  1199, 311
  1200, 338
  1201, 386
  1202, 338
  1203, 385
  1204, 364
  1205, 352
  1206, 360
  1207, 353
  1208, 328
  1209, 327
  1210, 336
  1211, 341
  1212, 353
  1213, 325
  1214, 338
  1215, 349
  1216, 337
  1217, 355
  1218, 355
  1219, 328
  1220, 345
  1221, 340
  1222, 338
  1223, 308
  1224, 300
  1225, 351
  1226, 322
  1227, 362
  1228, 332
  1229, 348
  1230, 318
  1231, 318
  1232, 341
  1233, 327
  1234, 350
  1235, 334
  1236, 323
  1237, 306
  1238, 308
  1239, 330
  1240, 317
  1241, 340
  1242, 311
  1243, 303
  1244, 338
  1245, 287
  1246, 300
  1247, 316
  1248, 346
  1249, 332
  1250, 342
  1251, 297
  1252, 305
  1253, 304
  1254, 311
  1255, 284
  1256, 302
  1257, 317
  1258, 300
  1259, 284
  1260, 315
  1261, 290
  1262, 283
  1263, 304
  1264, 321
  1265, 320
  1266, 293
  1267, 279
  1268, 272
  1269, 306
  1270, 308
  1271, 278
  1272, 310
  1273, 293
  1274, 275
  1275, 297
  1276, 308
  1277, 275
  1278, 285
  1279, 276
  1280, 270
  1281, 273
  1282, 281
  1283, 260
  1284, 278
  1285, 324
  1286, 279
  1287, 285
  1288, 290
  1289, 242
  1290, 247
  1291, 274
  1292, 276
  1293, 286
  1294, 246
  1295, 252
  1296, 281
  1297, 284
  1298, 264
  1299, 236
  1300, 251
  1301, 285
  1302, 260
  1303, 236
  1304, 281
  1305, 260
  1306, 264
  1307, 285
  1308, 273
  1309, 266
  1310, 255
  1311, 270
  1312, 236
  1313, 266
  1314, 264
  1315, 280
  1316, 242
  1317, 286
  1318, 258
  1319, 260
  1320, 257
  1321, 277
  1322, 251
  1323, 265
  1324, 248
  1325, 266
  1326, 238
  1327, 245
  1328, 275
  1329, 250
  1330, 255
  1331, 243
  1332, 235
  1333, 243
  1334, 225
  1335, 238
  1336, 233
  1337, 228
  1338, 207
  1339, 216
  1340, 234
  1341, 240
  1342, 242
  1343, 256
  1344, 243
  1345, 237
  1346, 224
  1347, 253
  1348, 238
  1349, 232
  1350, 223
  1351, 217
  1352, 232
  1353, 206
  1354, 241
  1355, 256
  1356, 217
  1357, 233
  1358, 211
  1359, 243
  1360, 227
  1361, 233
  1362, 225
  1363, 224
  1364, 227
  1365, 228
  1366, 217
  1367, 223
  1368, 197
  1369, 223
  1370, 204
  1371, 226
  1372, 200
  1373, 213
  1374, 243
  1375, 262
  1376, 202
  1377, 219
  1378, 213
  1379, 249
  1380, 220
  1381, 212
  1382, 226
  1383, 202
  1384, 202
  1385, 224
  1386, 213
  1387, 202
  1388, 213
  1389, 185
  1390, 186
  1391, 229
  1392, 205
  1393, 194
  1394, 198
  1395, 202
  1396, 192
  1397, 226
  1398, 195
  1399, 204
  1400, 206
  1401, 187
  1402, 208
  1403, 205
  1404, 217
  1405, 226
  1406, 188
  1407, 194
  1408, 194
  1409, 207
  1410, 200
  1411, 190
  1412, 201
  1413, 213
  1414, 195
  1415, 168
  1416, 204
  1417, 217
  1418, 205
  1419, 187
  1420, 203
  1421, 223
  1422, 195
  1423, 199
  1424, 201
  1425, 178
  1426, 206
  1427, 212
  1428, 199
  1429, 167
  1430, 190
  1431, 207
  1432, 198
  1433, 193
  1434, 184
  1435, 188
  1436, 180
  1437, 192
  1438, 204
  1439, 167
  1440, 198
  1441, 199
  1442, 185
  1443, 169
  1444, 188
  1445, 186
  1446, 193
  1447, 194
  1448, 209
  1449, 176
  1450, 188
  1451, 181
  1452, 172
  1453, 194
  1454, 173
  1455, 182
  1456, 181
  1457, 194
  1458, 197
  1459, 195
  1460, 176
  1461, 187
  1462, 173
  1463, 196
  1464, 178
  1465, 158
  1466, 192
  1467, 193
  1468, 175
  1469, 171
  1470, 184
  1471, 155
  1472, 167
  1473, 183
  1474, 158
  1475, 174
  1476, 166
  1477, 189
  1478, 171
  1479, 161
  1480, 171
  1481, 184
  1482, 165
  1483, 163
  1484, 175
  1485, 167
  1486, 190
  1487, 156
  1488, 157
  1489, 188
  1490, 178
  1491, 175
  1492, 181
  1493, 167
  1494, 173
  1495, 154
  1496, 163
  1497, 150
  1498, 156
  1499, 163
  1500, 165
  1501, 166
  1502, 159
  1503, 169
  1504, 169
  1505, 155
  1506, 158
  1507, 154
  1508, 181
  1509, 145
  1510, 142
  1511, 149
  1512, 163
  1513, 160
  1514, 149
  1515, 162
  1516, 155
  1517, 160
  1518, 172
  1519, 129
  1520, 135
  1521, 144
  1522, 185
  1523, 132
  1524, 132
  1525, 171
  1526, 150
  1527, 176
  1528, 163
  1529, 142
  1530, 143
  1531, 127
  1532, 156
  1533, 159
  1534, 141
  1535, 139
  1536, 145
  1537, 164
  1538, 145
  1539, 149
  1540, 129
  1541, 161
  1542, 136
  1543, 144
  1544, 153
  1545, 149
  1546, 135
  1547, 159
  1548, 140
  1549, 150
  1550, 136
  1551, 136
  1552, 135
  1553, 145
  1554, 139
  1555, 120
  1556, 152
  1557, 153
  1558, 114
  1559, 143
  1560, 133
  1561, 123
  1562, 146
  1563, 151
  1564, 142
  1565, 122
  1566, 122
  1567, 139
  1568, 136
  1569, 133
  1570, 131
  1571, 163
  1572, 142
  1573, 126
  1574, 128
  1575, 134
  1576, 132
  1577, 140
  1578, 143
  1579, 120
  1580, 149
  1581, 130
  1582, 118
  1583, 155
  1584, 118
  1585, 141
  1586, 153
  1587, 135
  1588, 136
  1589, 139
  1590, 124
  1591, 123
  1592, 148
  1593, 139
  1594, 118
  1595, 114
  1596, 123
  1597, 132
  1598, 123
  1599, 131
  1600, 118
  1601, 121
  1602, 127
  1603, 123
  1604, 119
  1605, 137
  1606, 130
  1607, 135
  1608, 130
  1609, 116
  1610, 116
  1611, 128
  1612, 129
  1613, 107
  1614, 127
  1615, 117
  1616, 123
  1617, 114
  1618, 110
  1619, 137
  1620, 125
  1621, 114
  1622, 107
  1623, 135
  1624, 131
  1625, 109
  1626, 123
  1627, 110
  1628, 105
  1629, 114
  1630, 112
  1631, 136
  1632, 118
  1633, 99
  1634, 130
  1635, 119
  1636, 114
  1637, 119
  1638, 122
  1639, 106
  1640, 108
  1641, 117
  1642, 150
  1643, 121
  1644, 129
  1645, 109
  1646, 126
  1647, 113
  1648, 107
  1649, 105
  1650, 114
  1651, 116
  1652, 116
  1653, 132
  1654, 123
  1655, 106
  1656, 136
  1657, 124
  1658, 121
  1659, 119
  1660, 122
  1661, 115
  1662, 112
  1663, 100
  1664, 113
  1665, 94
  1666, 110
  1667, 97
  1668, 116
  1669, 128
  1670, 98
  1671, 107
  1672, 104
  1673, 98
  1674, 92
  1675, 100
  1676, 91
  1677, 106
  1678, 109
  1679, 104
  1680, 102
  1681, 106
  1682, 134
  1683, 116
  1684, 98
  1685, 108
  1686, 119
  1687, 106
  1688, 106
  1689, 101
  1690, 95
  1691, 95
  1692, 89
  1693, 88
  1694, 112
  1695, 104
  1696, 95
  1697, 115
  1698, 91
  1699, 102
  1700, 125
  1701, 97
  1702, 107
  1703, 96
  1704, 106
  1705, 105
  1706, 98
  1707, 103
  1708, 100
  1709, 88
  1710, 110
  1711, 91
  1712, 107
  1713, 107
  1714, 98
  1715, 104
  1716, 93
  1717, 100
  1718, 95
  1719, 104
  1720, 114
  1721, 116
  1722, 87
  1723, 105
  1724, 92
  1725, 99
  1726, 107
  1727, 100
  1728, 97
  1729, 96
  1730, 90
  1731, 87
  1732, 99
  1733, 95
  1734, 87
  1735, 120
  1736, 86
  1737, 103
  1738, 75
  1739, 92
  1740, 94
  1741, 87
  1742, 91
  1743, 96
  1744, 98
  1745, 73
  1746, 101
  1747, 107
  1748, 94
  1749, 92
  1750, 78
  1751, 87
  1752, 90
  1753, 94
  1754, 105
  1755, 83
  1756, 93
  1757, 90
  1758, 76
  1759, 91
  1760, 102
  1761, 95
  1762, 96
  1763, 88
  1764, 88
  1765, 71
  1766, 107
  1767, 91
  1768, 98
  1769, 92
  1770, 90
  1771, 90
  1772, 96
  1773, 84
  1774, 79
  1775, 81
  1776, 92
  1777, 93
  1778, 93
  1779, 92
  1780, 89
  1781, 90
  1782, 73
  1783, 78
  1784, 104
  1785, 74
  1786, 79
  1787, 59
  1788, 72
  1789, 67
  1790, 111
  1791, 85
  1792, 92
  1793, 85
  1794, 88
  1795, 74
  1796, 85
  1797, 97
  1798, 83
  1799, 87
  1800, 69
  1801, 78
  1802, 76
  1803, 83
  1804, 83
  1805, 75
  1806, 75
  1807, 91
  1808, 78
  1809, 84
  1810, 81
  1811, 75
  1812, 83
  1813, 75
  1814, 77
  1815, 83
  1816, 62
  1817, 96
  1818, 90
  1819, 84
  1820, 89
  1821, 71
  1822, 68
  1823, 86
  1824, 72
  1825, 88
  1826, 79
  1827, 73
  1828, 73
  1829, 89
  1830, 74
  1831, 65
  1832, 93
  1833, 89
  1834, 83
  1835, 78
  1836, 73
  1837, 81
  1838, 88
  1839, 61
  1840, 62
  1841, 72
  1842, 71
  1843, 62
  1844, 73
  1845, 73
  1846, 67
  1847, 74
  1848, 66
  1849, 81
  1850, 66
  1851, 74
  1852, 68
  1853, 75
  1854, 68
  1855, 78
  1856, 79
  1857, 83
  1858, 81
  1859, 67
  1860, 69
  1861, 67
  1862, 75
  1863, 74
  1864, 79
  1865, 71
  1866, 67
  1867, 67
  1868, 71
  1869, 64
  1870, 68
  1871, 68
  1872, 81
  1873, 72
  1874, 78
  1875, 76
  1876, 64
  1877, 79
  1878, 76
  1879, 76
  1880, 82
  1881, 67
  1882, 62
  1883, 67
  1884, 69
  1885, 84
  1886, 76
  1887, 82
  1888, 51
  1889, 70
  1890, 63
  1891, 57
  1892, 56
  1893, 68
  1894, 63
  1895, 73
  1896, 79
  1897, 67
  1898, 71
  1899, 78
  1900, 61
  1901, 71
  1902, 91
  1903, 78
  1904, 71
  1905, 90
  1906, 64
  1907, 64
  1908, 62
  1909, 73
  1910, 81
  1911, 63
  1912, 64
  1913, 59
  1914, 66
  1915, 58
  1916, 66
  1917, 57
  1918, 66
  1919, 79
  1920, 64
  1921, 59
  1922, 63
  1923, 74
  1924, 54
  1925, 59
  1926, 56
  1927, 66
  1928, 65
  1929, 58
  1930, 50
  1931, 69
  1932, 55
  1933, 39
  1934, 63
  1935, 60
  1936, 64
  1937, 64
  1938, 56
  1939, 60
  1940, 72
  1941, 71
  1942, 74
  1943, 61
  1944, 69
  1945, 64
  1946, 75
  1947, 68
  1948, 82
  1949, 55
  1950, 49
  1951, 51
  1952, 57
  1953, 64
  1954, 60
  1955, 63
  1956, 54
  1957, 57
  1958, 62
  1959, 77
  1960, 49
  1961, 66
  1962, 64
  1963, 61
  1964, 66
  1965, 46
  1966, 48
  1967, 67
  1968, 58
  1969, 59
  1970, 56
  1971, 49
  1972, 62
  1973, 71
  1974, 58
  1975, 48
  1976, 55
  1977, 57
  1978, 71
  1979, 63
  1980, 51
  1981, 51
  1982, 59
  1983, 61
  1984, 72
  1985, 55
  1986, 58
  1987, 44
  1988, 56
  1989, 57
  1990, 57
  1991, 50
  1992, 53
  1993, 54
  1994, 52
  1995, 51
  1996, 64
  1997, 53
  1998, 56
  1999, 54
  2000, 63
  2001, 57
  2002, 60
  2003, 53
  2004, 59
  2005, 58
  2006, 44
  2007, 48
  2008, 58
  2009, 54
  2010, 60
  2011, 63
  2012, 41
  2013, 50
  2014, 47
  2015, 46
  2016, 51
  2017, 59
  2018, 55
  2019, 47
  2020, 45
  2021, 54
  2022, 52
  2023, 50
  2024, 58
  2025, 57
  2026, 65
  2027, 45
  2028, 46
  2029, 52
  2030, 55
  2031, 59
  2032, 56
  2033, 67
  2034, 39
  2035, 60
  2036, 52
  2037, 56
  2038, 53
  2039, 42
  2040, 56
  2041, 54
  2042, 41
  2043, 52
  2044, 54
  2045, 48
  2046, 48
  2047, 52
  2048, 54
  2049, 49
  2050, 51
  2051, 51
  2052, 63
  2053, 46
  2054, 52
  2055, 44
  2056, 45
  2057, 59
  2058, 54
  2059, 41
  2060, 56
  2061, 44
  2062, 60
  2063, 47
  2064, 45
  2065, 31
  2066, 66
  2067, 54
  2068, 37
  2069, 49
  2070, 48
  2071, 51
  2072, 61
  2073, 36
  2074, 49
  2075, 49
  2076, 49
  2077, 54
  2078, 51
  2079, 31
  2080, 33
  2081, 55
  2082, 50
  2083, 46
  2084, 32
  2085, 51
  2086, 50
  2087, 49
  2088, 56
  2089, 46
  2090, 64
  2091, 45
  2092, 56
  2093, 42
  2094, 30
  2095, 59
  2096, 53
  2097, 44
  2098, 37
  2099, 55
  2100, 37
  2101, 36
  2102, 55
  2103, 46
  2104, 58
  2105, 37
  2106, 46
  2107, 48
  2108, 53
  2109, 41
  2110, 46
  2111, 37
  2112, 42
  2113, 43
  2114, 65
  2115, 46
  2116, 43
  2117, 45
  2118, 47
  2119, 46
  2120, 45
  2121, 42
  2122, 42
  2123, 44
  2124, 51
  2125, 36
  2126, 46
  2127, 51
  2128, 47
  2129, 41
  2130, 45
  2131, 42
  2132, 53
  2133, 37
  2134, 41
  2135, 40
  2136, 40
  2137, 39
  2138, 51
  2139, 40
  2140, 41
  2141, 42
  2142, 40
  2143, 36
  2144, 36
  2145, 54
  2146, 29
  2147, 35
  2148, 54
  2149, 46
  2150, 33
  2151, 41
  2152, 43
  2153, 44
  2154, 48
  2155, 49
  2156, 39
  2157, 45
  2158, 45
  2159, 31
  2160, 37
  2161, 37
  2162, 42
  2163, 53
  2164, 42
  2165, 48
  2166, 42
  2167, 43
  2168, 43
  2169, 35
  2170, 41
  2171, 32
  2172, 49
  2173, 37
  2174, 37
  2175, 35
  2176, 50
  2177, 25
  2178, 37
  2179, 44
  2180, 25
  2181, 44
  2182, 37
  2183, 49
  2184, 45
  2185, 42
  2186, 45
  2187, 36
  2188, 47
  2189, 29
  2190, 52
  2191, 33
  2192, 48
  2193, 41
  2194, 38
  2195, 33
  2196, 50
  2197, 34
  2198, 35
  2199, 41
  2200, 39
  2201, 52
  2202, 41
  2203, 40
  2204, 26
  2205, 23
  2206, 47
  2207, 37
  2208, 35
  2209, 35
  2210, 36
  2211, 38
  2212, 27
  2213, 32
  2214, 33
  2215, 30
  2216, 36
  2217, 44
  2218, 39
  2219, 39
  2220, 30
  2221, 43
  2222, 31
  2223, 22
  2224, 45
  2225, 38
  2226, 37
  2227, 35
  2228, 34
  2229, 30
  2230, 39
  2231, 31
  2232, 31
  2233, 37
  2234, 37
  2235, 34
  2236, 34
  2237, 30
  2238, 26
  2239, 36
  2240, 39
  2241, 34
  2242, 40
  2243, 30
  2244, 27
  2245, 38
  2246, 38
  2247, 37
  2248, 33
  2249, 42
  2250, 33
  2251, 41
  2252, 31
  2253, 34
  2254, 41
  2255, 38
  2256, 32
  2257, 34
  2258, 46
  2259, 41
  2260, 35
  2261, 26
  2262, 42
  2263, 39
  2264, 40
  2265, 39
  2266, 38
  2267, 35
  2268, 31
  2269, 26
  2270, 40
  2271, 23
  2272, 28
  2273, 30
  2274, 35
  2275, 26
  2276, 33
  2277, 28
  2278, 28
  2279, 30
  2280, 26
  2281, 30
  2282, 30
  2283, 43
  2284, 31
  2285, 35
  2286, 36
  2287, 23
  2288, 27
  2289, 37
  2290, 37
  2291, 39
  2292, 25
  2293, 36
  2294, 34
  2295, 39
  2296, 23
  2297, 36
  2298, 30
  2299, 35
  2300, 35
  2301, 24
  2302, 25
  2303, 26
  2304, 30
  2305, 35
  2306, 32
  2307, 26
  2308, 31
  2309, 27
  2310, 36
  2311, 33
  2312, 25
  2313, 34
  2314, 30
  2315, 35
  2316, 30
  2317, 35
  2318, 35
  2319, 23
  2320, 29
  2321, 27
  2322, 28
  2323, 31
  2324, 26
  2325, 24
  2326, 26
  2327, 27
  2328, 24
  2329, 39
  2330, 36
  2331, 24
  2332, 20
  2333, 27
  2334, 30
  2335, 23
  2336, 39
  2337, 29
  2338, 27
  2339, 30
  2340, 21
  2341, 39
  2342, 33
  2343, 37
  2344, 20
  2345, 40
  2346, 35
  2347, 38
  2348, 25
  2349, 30
  2350, 24
  2351, 33
  2352, 29
  2353, 23
  2354, 28
  2355, 23
  2356, 27
  2357, 35
  2358, 32
  2359, 29
  2360, 26
  2361, 29
  2362, 30
  2363, 34
  2364, 33
  2365, 31
  2366, 28
  2367, 31
  2368, 37
  2369, 35
  2370, 28
  2371, 28
  2372, 22
  2373, 24
  2374, 23
  2375, 25
  2376, 38
  2377, 23
  2378, 31
  2379, 32
  2380, 30
  2381, 30
  2382, 37
  2383, 27
  2384, 30
  2385, 19
  2386, 22
  2387, 22
  2388, 34
  2389, 32
  2390, 36
  2391, 36
  2392, 31
  2393, 31
  2394, 19
  2395, 28
  2396, 23
  2397, 31
  2398, 25
  2399, 22
  2400, 29
  2401, 22
  2402, 32
  2403, 24
  2404, 29
  2405, 27
  2406, 27
  2407, 35
  2408, 25
  2409, 24
  2410, 21
  2411, 25
  2412, 29
  2413, 21
  2414, 16
  2415, 28
  2416, 33
  2417, 22
  2418, 30
  2419, 29
  2420, 28
  2421, 21
  2422, 29
  2423, 22
  2424, 29
  2425, 29
  2426, 33
  2427, 30
  2428, 23
  2429, 32
  2430, 27
  2431, 22
  2432, 38
  2433, 22
  2434, 36
  2435, 19
  2436, 30
  2437, 24
  2438, 27
  2439, 25
  2440, 16
  2441, 21
  2442, 29
  2443, 26
  2444, 25
  2445, 29
  2446, 25
  2447, 21
  2448, 24
  2449, 32
  2450, 22
  2451, 24
  2452, 17
  2453, 22
  2454, 25
  2455, 26
  2456, 26
  2457, 17
  2458, 21
  2459, 22
  2460, 17
  2461, 35
  2462, 26
  2463, 17
  2464, 33
  2465, 32
  2466, 21
  2467, 27
  2468, 22
  2469, 31
  2470, 20
  2471, 37
  2472, 23
  2473, 22
  2474, 24
  2475, 23
  2476, 24
  2477, 26
  2478, 34
  2479, 25
  2480, 33
  2481, 25
  2482, 23
  2483, 26
  2484, 26
  2485, 29
  2486, 28
  2487, 24
  2488, 26
  2489, 19
  2490, 31
  2491, 36
  2492, 27
  2493, 18
  2494, 22
  2495, 20
  2496, 21
  2497, 30
  2498, 21
  2499, 21
  2500, 17
  2501, 21
  2502, 31
  2503, 16
  2504, 21
  2505, 21
  2506, 19
  2507, 22
  2508, 26
  2509, 21
  2510, 21
  2511, 24
  2512, 18
  2513, 24
  2514, 20
  2515, 18
  2516, 13
  2517, 15
  2518, 11
  2519, 14
  2520, 24
  2521, 27
  2522, 21
  2523, 24
  2524, 22
  2525, 29
  2526, 26
  2527, 20
  2528, 15
  2529, 28
  2530, 31
  2531, 21
  2532, 33
  2533, 23
  2534, 19
  2535, 21
  2536, 15
  2537, 28
  2538, 18
  2539, 23
  2540, 19
  2541, 26
  2542, 25
  2543, 16
  2544, 31
  2545, 21
  2546, 13
  2547, 24
  2548, 25
  2549, 22
  2550, 26
  2551, 23
  2552, 19
  2553, 23
  2554, 18
  2555, 22
  2556, 15
  2557, 23
  2558, 19
  2559, 20
  2560, 20
  2561, 17
  2562, 19
  2563, 21
  2564, 11
  2565, 21
  2566, 17
  2567, 23
  2568, 15
  2569, 28
  2570, 20
  2571, 20
  2572, 19
  2573, 27
  2574, 20
  2575, 20
  2576, 22
  2577, 22
  2578, 17
  2579, 18
  2580, 18
  2581, 20
  2582, 26
  2583, 20
  2584, 23
  2585, 32
  2586, 35
  2587, 21
  2588, 14
  2589, 29
  2590, 20
  2591, 15
  2592, 21
  2593, 18
  2594, 12
  2595, 22
  2596, 19
  2597, 17
  2598, 21
  2599, 18
  2600, 26
  2601, 15
  2602, 22
  2603, 23
  2604, 19
  2605, 19
  2606, 15
  2607, 31
  2608, 20
  2609, 17
  2610, 21
  2611, 28
  2612, 17
  2613, 17
  2614, 11
  2615, 17
  2616, 25
  2617, 16
  2618, 15
  2619, 24
  2620, 22
  2621, 14
  2622, 12
  2623, 12
  2624, 16
  2625, 27
  2626, 26
  2627, 21
  2628, 16
  2629, 15
  2630, 20
  2631, 16
  2632, 16
  2633, 14
  2634, 14
  2635, 22
  2636, 19
  2637, 23
  2638, 18
  2639, 15
  2640, 19
  2641, 16
  2642, 17
  2643, 27
  2644, 22
  2645, 14
  2646, 17
  2647, 26
  2648, 14
  2649, 17
  2650, 14
  2651, 26
  2652, 20
  2653, 16
  2654, 22
  2655, 22
  2656, 27
  2657, 17
  2658, 15
  2659, 22
  2660, 17
  2661, 15
  2662, 18
  2663, 20
  2664, 20
  2665, 27
  2666, 20
  2667, 19
  2668, 20
  2669, 19
  2670, 16
  2671, 13
  2672, 20
  2673, 22
  2674, 19
  2675, 7
  2676, 18
  2677, 24
  2678, 18
  2679, 20
  2680, 16
  2681, 14
  2682, 19
  2683, 14
  2684, 22
  2685, 19
  2686, 30
  2687, 18
  2688, 20
  2689, 17
  2690, 20
  2691, 14
  2692, 23
  2693, 21
  2694, 16
  2695, 15
  2696, 19
  2697, 12
  2698, 17
  2699, 14
  2700, 19
  2701, 20
  2702, 14
  2703, 19
  2704, 17
  2705, 14
  2706, 16
  2707, 17
  2708, 17
  2709, 16
  2710, 18
  2711, 24
  2712, 19
  2713, 16
  2714, 14
  2715, 18
  2716, 22
  2717, 12
  2718, 9
  2719, 13
  2720, 18
  2721, 17
  2722, 13
  2723, 15
  2724, 19
  2725, 19
  2726, 20
  2727, 21
  2728, 12
  2729, 16
  2730, 16
  2731, 14
  2732, 14
  2733, 14
  2734, 14
  2735, 16
  2736, 17
  2737, 23
  2738, 18
  2739, 16
  2740, 17
  2741, 14
  2742, 16
  2743, 15
  2744, 11
  2745, 15
  2746, 18
  2747, 16
  2748, 17
  2749, 23
  2750, 24
  2751, 23
  2752, 16
  2753, 14
  2754, 17
  2755, 14
  2756, 9
  2757, 14
  2758, 5
  2759, 12
  2760, 16
  2761, 10
  2762, 13
  2763, 9
  2764, 19
  2765, 15
  2766, 13
  2767, 20
  2768, 10
  2769, 19
  2770, 22
  2771, 13
  2772, 16
  2773, 18
  2774, 15
  2775, 13
  2776, 15
  2777, 15
  2778, 14
  2779, 16
  2780, 11
  2781, 14
  2782, 14
  2783, 10
  2784, 15
  2785, 15
  2786, 16
  2787, 15
  2788, 17
  2789, 14
  2790, 17
  2791, 8
  2792, 23
  2793, 18
  2794, 17
  2795, 14
  2796, 14
  2797, 24
  2798, 22
  2799, 13
  2800, 18
  2801, 19
  2802, 16
  2803, 20
  2804, 18
  2805, 13
  2806, 10
  2807, 26
  2808, 14
  2809, 18
  2810, 16
  2811, 14
  2812, 14
  2813, 16
  2814, 16
  2815, 8
  2816, 18
  2817, 8
  2818, 11
  2819, 15
  2820, 15
  2821, 18
  2822, 13
  2823, 13
  2824, 11
  2825, 17
  2826, 13
  2827, 12
  2828, 12
  2829, 7
  2830, 20
  2831, 11
  2832, 16
  2833, 20
  2834, 10
  2835, 13
  2836, 13
  2837, 15
  2838, 22
  2839, 10
  2840, 14
  2841, 18
  2842, 13
  2843, 14
  2844, 12
  2845, 15
  2846, 11
  2847, 12
  2848, 11
  2849, 15
  2850, 12
  2851, 23
  2852, 18
  2853, 15
  2854, 11
  2855, 12
  2856, 15
  2857, 11
  2858, 12
  2859, 11
  2860, 15
  2861, 9
  2862, 9
  2863, 13
  2864, 14
  2865, 14
  2866, 15
  2867, 13
  2868, 9
  2869, 10
  2870, 12
  2871, 18
  2872, 9
  2873, 15
  2874, 10
  2875, 9
  2876, 15
  2877, 7
  2878, 7
  2879, 14
  2880, 13
  2881, 14
  2882, 7
  2883, 17
  2884, 15
  2885, 9
  2886, 11
  2887, 11
  2888, 13
  2889, 16
  2890, 8
  2891, 13
  2892, 13
  2893, 12
  2894, 12
  2895, 11
  2896, 16
  2897, 8
  2898, 7
  2899, 12
  2900, 13
  2901, 16
  2902, 11
  2903, 15
  2904, 5
  2905, 10
  2906, 14
  2907, 8
  2908, 15
  2909, 10
  2910, 13
  2911, 10
  2912, 14
  2913, 20
  2914, 16
  2915, 10
  2916, 16
  2917, 9
  2918, 14
  2919, 14
  2920, 13
  2921, 4
  2922, 19
  2923, 10
  2924, 13
  2925, 11
  2926, 11
  2927, 8
  2928, 10
  2929, 14
  2930, 4
  2931, 16
  2932, 12
  2933, 12
  2934, 14
  2935, 11
  2936, 22
  2937, 15
  2938, 12
  2939, 14
  2940, 24
  2941, 7
  2942, 8
  2943, 15
  2944, 7
  2945, 10
  2946, 5
  2947, 14
  2948, 19
  2949, 11
  2950, 11
  2951, 8
  2952, 16
  2953, 16
  2954, 11
  2955, 15
  2956, 17
  2957, 17
  2958, 11
  2959, 12
  2960, 9
  2961, 11
  2962, 18
  2963, 10
  2964, 11
  2965, 12
  2966, 11
  2967, 11
  2968, 13
  2969, 10
  2970, 13
  2971, 7
  2972, 19
  2973, 13
  2974, 6
  2975, 13
  2976, 10
  2977, 9
  2978, 10
  2979, 11
  2980, 15
  2981, 12
  2982, 7
  2983, 10
  2984, 14
  2985, 8
  2986, 9
  2987, 14
  2988, 14
  2989, 10
  2990, 7
  2991, 10
  2992, 9
  2993, 12
  2994, 8
  2995, 10
  2996, 8
  2997, 12
  2998, 8
  2999, 8
  3000, 11
  3001, 18
  3002, 9
  3003, 6
  3004, 21
  3005, 9
  3006, 9
  3007, 13
  3008, 14
  3009, 14
  3010, 9
  3011, 12
  3012, 6
  3013, 8
  3014, 12
  3015, 7
  3016, 16
  3017, 15
  3018, 13
  3019, 10
  3020, 5
  3021, 8
  3022, 12
  3023, 7
  3024, 11
  3025, 8
  3026, 10
  3027, 9
  3028, 13
  3029, 13
  3030, 12
  3031, 12
  3032, 17
  3033, 15
  3034, 6
  3035, 7
  3036, 8
  3037, 13
  3038, 14
  3039, 11
  3040, 10
  3041, 13
  3042, 12
  3043, 7
  3044, 11
  3045, 10
  3046, 16
  3047, 11
  3048, 15
  3049, 18
  3050, 15
  3051, 15
  3052, 9
  3053, 18
  3054, 12
  3055, 9
  3056, 8
  3057, 7
  3058, 8
  3059, 12
  3060, 14
  3061, 7
  3062, 8
  3063, 8
  3064, 11
  3065, 10
  3066, 4
  3067, 9
  3068, 9
  3069, 8
  3070, 10
  3071, 11
  3072, 9
  3073, 13
  3074, 12
  3075, 12
  3076, 6
  3077, 13
  3078, 8
  3079, 8
  3080, 10
  3081, 5
  3082, 8
  3083, 10
  3084, 9
  3085, 9
  3086, 14
  3087, 8
  3088, 7
  3089, 16
  3090, 12
  3091, 12
  3092, 9
  3093, 7
  3094, 5
  3095, 9
  3096, 5
  3097, 11
  3098, 4
  3099, 6
  3100, 10
  3101, 8
  3102, 11
  3103, 12
  3104, 7
  3105, 8
  3106, 6
  3107, 8
  3108, 12
  3109, 9
  3110, 14
  3111, 5
  3112, 11
  3113, 12
  3114, 5
  3115, 10
  3116, 10
  3117, 9
  3118, 10
  3119, 13
  3120, 5
  3121, 3
  3122, 10
  3123, 5
  3124, 11
  3125, 9
  3126, 7
  3127, 13
  3128, 10
  3129, 8
  3130, 7
  3131, 8
  3132, 4
  3133, 7
  3134, 10
  3135, 9
  3136, 14
  3137, 12
  3138, 9
  3139, 10
  3140, 11
  3141, 8
  3142, 7
  3143, 8
  3144, 11
  3145, 12
  3146, 6
  3147, 10
  3148, 7
  3149, 3
  3150, 6
  3151, 7
  3152, 6
  3153, 7
  3154, 6
  3155, 11
  3156, 10
  3157, 14
  3158, 15
  3159, 5
  3160, 12
  3161, 16
  3162, 5
  3163, 6
  3164, 5
  3165, 12
  3166, 9
  3167, 8
  3168, 3
  3169, 13
  3170, 4
  3171, 6
  3172, 3
  3173, 8
  3174, 10
  3175, 7
  3176, 12
  3177, 13
  3178, 10
  3179, 8
  3180, 12
  3181, 8
  3182, 12
  3183, 12
  3184, 5
  3185, 9
  3186, 9
  3187, 3
  3188, 7
  3189, 9
  3190, 8
  3191, 13
  3192, 5
  3193, 5
  3194, 8
  3195, 5
  3196, 9
  3197, 6
  3198, 5
  3199, 6
  3200, 8
  3201, 8
  3202, 8
  3203, 8
  3204, 10
  3205, 6
  3206, 10
  3207, 10
  3208, 17
  3209, 5
  3210, 12
  3211, 4
  3212, 14
  3213, 11
  3214, 11
  3215, 13
  3216, 6
  3217, 11
  3218, 8
  3219, 12
  3220, 7
  3221, 12
  3222, 6
  3223, 3
  3224, 7
  3225, 14
  3226, 14
  3227, 6
  3228, 9
  3229, 6
  3230, 10
  3231, 5
  3232, 6
  3233, 7
  3234, 3
  3235, 9
  3236, 7
  3237, 10
  3238, 13
  3239, 10
  3240, 13
  3241, 3
  3242, 7
  3243, 10
  3244, 8
  3245, 11
  3246, 14
  3247, 7
  3248, 4
  3249, 9
  3250, 7
  3251, 13
  3252, 8
  3253, 11
  3254, 7
  3255, 6
  3256, 7
  3257, 8
  3258, 13
  3259, 7
  3260, 7
  3261, 9
  3262, 11
  3263, 8
  3264, 8
  3265, 10
  3266, 10
  3267, 12
  3268, 11
  3269, 7
  3270, 12
  3271, 4
  3272, 9
  3273, 7
  3274, 8
  3275, 2
  3276, 9
  3277, 4
  3278, 9
  3279, 8
  3280, 5
  3281, 10
  3282, 9
  3283, 7
  3284, 2
  3285, 11
  3286, 13
  3287, 10
  3288, 3
  3289, 12
  3290, 10
  3291, 7
  3292, 11
  3293, 7
  3294, 8
  3295, 9
  3296, 2
  3297, 7
  3298, 9
  3299, 8
  3300, 7
  3301, 7
  3302, 13
  3303, 3
  3304, 10
  3305, 8
  3306, 4
  3307, 13
  3308, 6
  3309, 10
  3310, 14
  3311, 2
  3312, 5
  3313, 6
  3314, 8
  3315, 11
  3316, 6
  3317, 12
  3318, 10
  3319, 8
  3320, 11
  3321, 7
  3322, 3
  3323, 13
  3324, 6
  3325, 9
  3326, 7
  3327, 4
  3328, 5
  3329, 8
  3330, 9
  3331, 8
  3332, 11
  3333, 10
  3334, 7
  3335, 6
  3336, 5
  3337, 9
  3338, 7
  3339, 11
  3340, 6
  3341, 6
  3342, 4
  3343, 11
  3344, 7
  3345, 12
  3346, 5
  3347, 12
  3348, 4
  3349, 8
  3350, 6
  3351, 8
  3352, 5
  3353, 10
  3354, 7
  3355, 6
  3356, 10
  3357, 7
  3358, 5
  3359, 5
  3360, 5
  3361, 5
  3362, 7
  3363, 7
  3364, 12
  3365, 3
  3366, 5
  3367, 8
  3368, 8
  3369, 8
  3370, 6
  3371, 5
  3372, 9
  3373, 4
  3374, 6
  3375, 6
  3376, 2
  3377, 3
  3378, 5
  3379, 10
  3380, 7
  3381, 9
  3382, 5
  3383, 3
  3384, 9
  3385, 10
  3386, 2
  3387, 4
  3388, 5
  3389, 5
  3390, 6
  3391, 7
  3392, 8
  3393, 7
  3394, 6
  3395, 7
  3396, 11
  3397, 9
  3398, 6
  3399, 11
  3400, 9
  3401, 7
  3402, 6
  3403, 5
  3404, 7
  3405, 9
  3406, 9
  3407, 11
  3408, 4
  3409, 9
  3410, 12
  3411, 9
  3412, 7
  3413, 2
  3414, 4
  3415, 5
  3416, 10
  3417, 5
  3418, 6
  3419, 5
  3420, 7
  3421, 6
  3422, 12
  3423, 6
  3424, 8
  3425, 10
  3426, 4
  3427, 9
  3428, 4
  3429, 6
  3430, 7
  3431, 5
  3432, 7
  3433, 11
  3434, 5
  3435, 6
  3436, 4
  3437, 12
  3438, 5
  3439, 8
  3440, 4
  3441, 5
  3442, 9
  3443, 8
  3444, 7
  3445, 7
  3446, 4
  3447, 5
  3448, 5
  3449, 8
  3450, 3
  3451, 5
  3452, 6
  3453, 5
  3454, 2
  3455, 3
  3456, 5
  3457, 5
  3458, 7
  3459, 8
  3460, 6
  3461, 10
  3462, 7
  3463, 9
  3464, 7
  3465, 4
  3466, 5
  3467, 8
  3468, 4
  3469, 9
  3470, 8
  3471, 7
  3472, 5
  3473, 3
  3474, 8
  3475, 8
  3476, 5
  3477, 6
  3478, 5
  3479, 6
  3480, 3
  3481, 3
  3482, 7
  3483, 4
  3484, 4
  3485, 6
  3486, 5
  3487, 6
  3488, 8
  3489, 3
  3490, 5
  3491, 6
  3492, 5
  3493, 4
  3494, 4
  3495, 10
  3496, 11
  3497, 12
  3498, 3
  3499, 6
  3500, 7
  3501, 3
  3502, 1
  3503, 10
  3504, 8
  3505, 11
  3506, 7
  3507, 5
  3508, 4
  3509, 8
  3510, 11
  3511, 11
  3512, 1
  3513, 3
  3514, 7
  3515, 7
  3516, 5
  3517, 7
  3518, 1
  3519, 5
  3520, 4
  3521, 3
  3522, 7
  3523, 7
  3524, 6
  3525, 10
  3526, 3
  3527, 11
  3528, 8
  3529, 3
  3530, 10
  3531, 4
  3532, 3
  3533, 1
  3534, 2
  3535, 7
  3536, 4
  3537, 4
  3538, 8
  3539, 6
  3540, 8
  3541, 3
  3542, 2
  3543, 3
  3544, 5
  3545, 4
  3546, 4
  3547, 10
  3548, 6
  3549, 7
  3550, 8
  3551, 7
  3552, 6
  3553, 7
  3554, 6
  3555, 8
  3556, 7
  3557, 4
  3558, 5
  3559, 6
  3560, 7
  3561, 10
  3562, 5
  3563, 8
  3564, 4
  3565, 7
  3566, 7
  3567, 5
  3568, 5
  3569, 10
  3570, 7
  3571, 4
  3572, 3
  3573, 6
  3574, 5
  3575, 5
  3576, 1
  3577, 4
  3578, 2
  3579, 3
  3580, 3
  3581, 9
  3582, 6
  3583, 3
  3584, 10
  3585, 5
  3587, 3
  3588, 6
  3589, 5
  3590, 9
  3591, 2
  3592, 5
  3593, 4
  3594, 3
  3595, 2
  3596, 6
  3597, 3
  3598, 4
  3599, 10
  3600, 7
  3601, 2
  3602, 11
  3603, 3
  3604, 4
  3605, 10
  3606, 6
  3607, 9
  3608, 5
  3609, 3
  3610, 8
  3611, 5
  3612, 6
  3613, 4
  3614, 5
  3615, 6
  3616, 3
  3617, 4
  3618, 2
  3619, 4
  3620, 7
  3621, 4
  3622, 5
  3623, 5
  3624, 10
  3625, 5
  3626, 6
  3627, 7
  3628, 7
  3629, 3
  3630, 8
  3631, 7
  3632, 4
  3633, 7
  3634, 2
  3635, 9
  3636, 2
  3637, 10
  3638, 8
  3639, 6
  3640, 10
  3641, 4
  3642, 5
  3643, 2
  3644, 3
  3645, 5
  3646, 5
  3647, 6
  3648, 8
  3649, 4
  3650, 4
  3651, 1
  3652, 4
  3653, 3
  3654, 3
  3655, 2
  3656, 5
  3657, 3
  3658, 7
  3659, 5
  3660, 1
  3661, 2
  3662, 4
  3663, 4
  3664, 4
  3665, 9
  3666, 4
  3667, 3
  3668, 2
  3669, 3
  3670, 4
  3671, 3
  3672, 6
  3673, 8
  3674, 9
  3675, 6
  3676, 6
  3677, 4
  3678, 5
  3679, 8
  3680, 10
  3681, 6
  3682, 2
  3683, 6
  3684, 3
  3685, 3
  3687, 2
  3688, 8
  3689, 5
  3690, 3
  3691, 6
  3692, 4
  3693, 6
  3694, 4
  3695, 4
  3696, 6
  3697, 3
  3698, 8
  3699, 6
  3700, 5
  3701, 7
  3702, 6
  3703, 4
  3704, 6
  3705, 5
  3706, 3
  3707, 4
  3708, 8
  3709, 4
  3710, 5
  3711, 3
  3712, 6
  3713, 5
  3714, 5
  3715, 2
  3716, 3
  3717, 3
  3718, 3
  3719, 5
  3720, 7
  3721, 4
  3722, 4
  3723, 1
  3724, 5
  3725, 1
  3726, 7
  3727, 7
  3728, 3
  3729, 3
  3730, 5
  3731, 6
  3732, 5
  3733, 3
  3734, 10
  3735, 3
  3736, 3
  3737, 4
  3738, 7
  3739, 4
  3740, 4
  3741, 6
  3742, 1
  3743, 6
  3744, 3
  3745, 1
  3746, 6
  3747, 1
  3748, 6
  3749, 6
  3750, 5
  3751, 9
  3752, 4
  3753, 5
  3754, 4
  3755, 4
  3756, 1
  3757, 4
  3758, 3
  3759, 7
  3760, 3
  3761, 5
  3762, 3
  3763, 4
  3764, 4
  3765, 5
  3766, 4
  3767, 2
  3768, 7
  3769, 6
  3770, 5
  3771, 4
  3772, 5
  3773, 4
  3774, 5
  3775, 4
  3776, 3
  3777, 4
  3778, 3
  3779, 3
  3780, 1
  3781, 11
  3782, 5
  3783, 5
  3784, 4
  3785, 2
  3786, 4
  3787, 2
  3788, 8
  3789, 3
  3790, 4
  3791, 2
  3792, 3
  3793, 3
  3794, 5
  3795, 2
  3796, 8
  3797, 4
  3798, 3
  3799, 4
  3800, 3
  3801, 5
  3802, 4
  3803, 2
  3804, 5
  3805, 4
  3806, 3
  3807, 5
  3808, 3
  3809, 5
  3810, 6
  3811, 2
  3812, 1
  3813, 8
  3814, 4
  3815, 4
  3816, 4
  3817, 4
  3818, 3
  3820, 2
  3821, 1
  3822, 5
  3823, 4
  3824, 5
  3825, 5
  3826, 5
  3827, 6
  3828, 2
  3829, 2
  3830, 5
  3831, 4
  3832, 1
  3833, 4
  3834, 3
  3835, 6
  3836, 3
  3837, 6
  3838, 4
  3839, 3
  3840, 7
  3841, 3
  3842, 7
  3843, 2
  3844, 3
  3845, 2
  3846, 5
  3847, 3
  3848, 4
  3849, 3
  3850, 7
  3851, 2
  3852, 6
  3853, 6
  3854, 4
  3855, 4
  3856, 2
  3857, 5
  3858, 5
  3859, 2
  3860, 5
  3861, 8
  3862, 5
  3863, 5
  3864, 2
  3865, 8
  3866, 5
  3867, 6
  3868, 9
  3869, 8
  3870, 9
  3871, 5
  3872, 6
  3873, 4
  3874, 2
  3875, 3
  3876, 6
  3877, 2
  3878, 4
  3879, 5
  3880, 4
  3881, 7
  3882, 4
  3883, 2
  3884, 4
  3885, 3
  3886, 7
  3887, 2
  3888, 3
  3889, 3
  3890, 2
  3891, 5
  3892, 3
  3893, 7
  3894, 6
  3895, 5
  3896, 2
  3897, 2
  3898, 6
  3899, 1
  3901, 6
  3902, 3
  3904, 5
  3905, 7
  3906, 1
  3907, 6
  3908, 5
  3909, 5
  3910, 1
  3911, 8
  3912, 5
  3913, 1
  3914, 4
  3915, 2
  3916, 3
  3917, 3
  3918, 3
  3919, 3
  3920, 3
  3921, 1
  3922, 2
  3923, 6
  3924, 4
  3925, 5
  3926, 3
  3927, 3
  3928, 2
  3929, 2
  3930, 7
  3931, 7
  3932, 8
  3933, 3
  3934, 3
  3935, 1
  3936, 3
  3937, 3
  3938, 5
  3939, 4
  3940, 2
  3941, 4
  3942, 3
  3943, 4
  3944, 5
  3945, 1
  3946, 2
  3947, 3
  3948, 2
  3949, 2
  3950, 6
  3951, 9
  3952, 5
  3953, 1
  3954, 2
  3955, 6
  3956, 3
  3957, 2
  3958, 4
  3959, 4
  3960, 1
  3961, 2
  3962, 5
  3964, 9
  3965, 3
  3966, 3
  3967, 3
  3968, 3
  3969, 4
  3970, 2
  3971, 4
  3972, 3
  3973, 5
  3974, 3
  3976, 2
  3977, 5
  3978, 5
  3979, 5
  3980, 3
  3981, 5
  3982, 3
  3983, 7
  3984, 3
  3985, 5
  3986, 3
  3987, 2
  3988, 2
  3989, 1
  3990, 3
  3991, 4
  3992, 3
  3993, 6
  3994, 4
  3995, 5
  3996, 2
  3997, 5
  3998, 1
  3999, 1
  4000, 5
  4001, 5
  4002, 2
  4003, 3
  4004, 4
  4005, 5
  4006, 4
  4007, 5
  4008, 2
  4009, 3
  4010, 3
  4011, 2
  4012, 5
  4013, 6
  4014, 4
  4015, 5
  4017, 3
  4018, 4
  4019, 5
  4020, 2
  4021, 3
  4022, 1
  4023, 3
  4024, 2
  4025, 6
  4026, 5
  4027, 4
  4028, 1
  4029, 5
  4030, 2
  4031, 4
  4032, 2
  4033, 4
  4034, 4
  4035, 6
  4036, 1
  4037, 4
  4038, 6
  4039, 4
  4040, 4
  4041, 2
  4042, 4
  4043, 4
  4044, 3
  4045, 1
  4046, 4
  4047, 4
  4048, 3
  4049, 2
  4050, 3
  4051, 4
  4052, 4
  4053, 3
  4054, 5
  4055, 1
  4056, 6
  4057, 1
  4058, 5
  4059, 10
  4060, 1
  4061, 5
  4062, 2
  4063, 4
  4064, 5
  4065, 7
  4066, 6
  4067, 6
  4068, 7
  4069, 6
  4070, 2
  4071, 4
  4072, 1
  4073, 4
  4074, 4
  4075, 2
  4076, 2
  4078, 5
  4079, 5
  4080, 4
  4081, 1
  4082, 2
  4083, 2
  4084, 2
  4085, 5
  4086, 3
  4087, 5
  4088, 1
  4089, 5
  4090, 1
  4091, 5
  4092, 5
  4093, 2
  4094, 6
  4095, 1
  4096, 2
  4097, 2
  4098, 2
  4099, 3
  4100, 2
  4101, 6
  4102, 4
  4103, 2
  4104, 2
  4105, 2
  4106, 5
  4107, 4
  4109, 2
  4110, 3
  4111, 4
  4112, 6
  4113, 1
  4115, 4
  4116, 6
  4117, 2
  4118, 2
  4119, 3
  4120, 2
  4121, 4
  4122, 4
  4123, 4
  4124, 4
  4125, 6
  4126, 2
  4127, 3
  4128, 7
  4129, 3
  4130, 4
  4131, 3
  4132, 2
  4133, 2
  4134, 2
  4135, 1
  4136, 5
  4137, 2
  4138, 1
  4139, 2
  4140, 1
  4141, 1
  4142, 1
  4143, 2
  4144, 3
  4145, 1
  4146, 6
  4148, 6
  4149, 2
  4150, 4
  4151, 4
  4152, 3
  4153, 3
  4154, 3
  4155, 2
  4156, 9
  4157, 3
  4158, 5
  4159, 3
  4160, 3
  4161, 1
  4162, 1
  4163, 4
  4164, 3
  4165, 4
  4166, 3
  4168, 2
  4169, 1
  4170, 2
  4171, 2
  4173, 5
  4174, 2
  4175, 1
  4176, 6
  4177, 2
  4178, 4
  4179, 5
  4180, 2
  4181, 3
  4182, 3
  4183, 6
  4184, 5
  4185, 2
  4186, 4
  4187, 5
  4188, 3
  4189, 2
  4190, 3
  4191, 3
  4192, 2
  4193, 2
  4194, 1
  4195, 1
  4196, 5
  4197, 2
  4198, 3
  4199, 4
  4200, 5
  4201, 2
  4202, 4
  4203, 2
  4204, 2
  4205, 2
  4207, 3
  4208, 2
  4209, 1
  4210, 3
  4211, 2
  4212, 4
  4213, 5
  4214, 3
  4215, 5
  4216, 2
  4217, 2
  4218, 5
  4219, 3
  4220, 3
  4221, 2
  4222, 2
  4223, 5
  4224, 2
  4225, 4
  4226, 3
  4227, 3
  4228, 3
  4229, 4
  4230, 3
  4231, 2
  4232, 1
  4233, 1
  4234, 2
  4235, 3
  4236, 1
  4237, 2
  4238, 3
  4239, 2
  4240, 2
  4241, 1
  4242, 4
  4244, 5
  4245, 2
  4246, 3
  4247, 2
  4248, 1
  4249, 4
  4251, 3
  4252, 9
  4253, 3
  4254, 2
  4255, 6
  4256, 2
  4257, 4
  4258, 3
  4259, 1
  4260, 2
  4261, 1
  4262, 6
  4264, 2
  4265, 6
  4266, 4
  4267, 3
  4268, 2
  4269, 5
  4270, 5
  4271, 1
  4273, 4
  4275, 5
  4276, 4
  4277, 2
  4279, 4
  4280, 3
  4281, 4
  4282, 3
  4283, 4
  4285, 3
  4286, 1
  4287, 2
  4288, 1
  4289, 5
  4290, 5
  4291, 2
  4292, 2
  4293, 3
  4294, 3
  4295, 3
  4296, 3
  4297, 3
  4298, 4
  4299, 2
  4300, 3
  4301, 3
  4302, 4
  4303, 1
  4304, 2
  4305, 1
  4306, 1
  4307, 1
  4309, 1
  4310, 1
  4311, 1
  4312, 7
  4313, 2
  4314, 3
  4315, 3
  4316, 1
  4317, 3
  4318, 3
  4319, 2
  4320, 3
  4321, 1
  4322, 5
  4323, 3
  4324, 2
  4325, 3
  4326, 2
  4327, 2
  4329, 4
  4330, 2
  4331, 4
  4332, 1
  4333, 3
  4334, 4
  4336, 2
  4337, 4
  4338, 4
  4339, 2
  4340, 4
  4341, 3
  4342, 8
  4343, 4
  4344, 2
  4345, 3
  4346, 2
  4347, 4
  4348, 2
  4349, 1
  4350, 2
  4351, 2
  4352, 2
  4353, 4
  4354, 1
  4355, 2
  4356, 2
  4357, 3
  4358, 4
  4359, 4
  4360, 2
  4361, 1
  4362, 1
  4363, 3
  4364, 3
  4365, 2
  4366, 1
  4367, 4
  4368, 2
  4369, 1
  4370, 1
  4371, 5
  4372, 1
  4373, 1
  4374, 3
  4375, 3
  4376, 1
  4377, 2
  4378, 4
  4379, 2
  4380, 2
  4381, 4
  4382, 2
  4383, 4
  4384, 3
  4385, 4
  4386, 4
  4387, 1
  4388, 2
  4389, 2
  4390, 3
  4391, 2
  4392, 1
  4393, 5
  4394, 1
  4396, 1
  4398, 2
  4399, 5
  4400, 3
  4401, 3
  4402, 1
  4403, 2
  4404, 3
  4405, 1
  4406, 1
  4407, 3
  4408, 2
  4409, 2
  4410, 2
  4411, 1
  4412, 1
  4413, 2
  4415, 4
  4416, 1
  4417, 2
  4418, 1
  4419, 2
  4420, 2
  4421, 7
  4422, 2
  4423, 2
  4424, 1
  4425, 2
  4426, 3
  4427, 4
  4428, 4
  4429, 1
  4430, 2
  4431, 1
  4432, 1
  4433, 3
  4436, 3
  4437, 2
  4438, 1
  4439, 2
  4440, 5
  4441, 3
  4442, 2
  4443, 4
  4444, 1
  4446, 3
  4447, 2
  4448, 2
  4449, 2
  4450, 1
  4451, 1
  4452, 2
  4453, 3
  4454, 1
  4457, 1
  4458, 3
  4459, 1
  4462, 2
  4464, 2
  4465, 1
  4467, 1
  4468, 1
  4469, 2
  4470, 2
  4471, 2
  4472, 3
  4473, 1
  4474, 1
  4475, 2
  4476, 3
  4477, 2
  4478, 3
  4479, 2
  4481, 2
  4482, 4
  4483, 2
  4484, 2
  4485, 1
  4486, 2
  4487, 5
  4488, 3
  4489, 1
  4490, 4
  4491, 1
  4492, 1
  4493, 3
  4494, 2
  4495, 1
  4496, 2
  4497, 2
  4498, 3
  4499, 2
  4501, 1
  4503, 3
  4504, 4
  4505, 3
  4506, 3
  4507, 4
  4508, 4
  4509, 4
  4510, 5
  4511, 3
  4512, 1
  4513, 2
  4514, 1
  4515, 1
  4516, 3
  4517, 4
  4518, 4
  4519, 1
  4520, 1
  4521, 2
  4522, 2
  4523, 4
  4524, 2
  4525, 1
  4526, 1
  4527, 2
  4528, 2
  4529, 2
  4530, 1
  4532, 1
  4533, 4
  4534, 1
  4535, 3
  4537, 3
  4539, 3
  4540, 3
  4541, 2
  4542, 2
  4543, 1
  4544, 3
  4545, 4
  4546, 2
  4547, 2
  4548, 3
  4549, 2
  4550, 2
  4551, 2
  4552, 1
  4553, 5
  4554, 1
  4555, 1
  4556, 3
  4557, 3
  4558, 2
  4559, 1
  4560, 3
  4561, 1
  4562, 1
  4564, 3
  4565, 2
  4566, 2
  4567, 1
  4568, 3
  4569, 4
  4570, 3
  4571, 3
  4572, 2
  4573, 2
  4574, 1
  4575, 1
  4576, 1
  4577, 2
  4578, 1
  4579, 3
  4580, 2
  4581, 4
  4582, 2
  4583, 1
  4584, 1
  4585, 1
  4586, 2
  4587, 1
  4588, 7
  4589, 1
  4590, 1
  4591, 1
  4592, 3
  4593, 1
  4594, 2
  4596, 3
  4597, 1
  4598, 3
  4600, 2
  4601, 3
  4602, 1
  4605, 1
  4606, 2
  4607, 3
  4608, 3
  4610, 3
  4611, 2
  4612, 2
  4613, 1
  4614, 3
  4615, 1
  4617, 1
  4618, 3
  4619, 2
  4620, 3
  4621, 1
  4622, 3
  4623, 5
  4624, 3
  4625, 1
  4626, 3
  4627, 2
  4628, 1
  4629, 2
  4630, 2
  4631, 1
  4633, 3
  4635, 3
  4636, 1
  4641, 3
  4642, 2
  4643, 1
  4644, 2
  4646, 4
  4649, 4
  4650, 1
  4651, 1
  4653, 1
  4654, 1
  4655, 3
  4656, 3
  4657, 4
  4658, 1
  4659, 3
  4660, 3
  4661, 3
  4662, 3
  4663, 2
  4664, 1
  4665, 1
  4666, 2
  4668, 1
  4669, 2
  4670, 4
  4671, 2
  4672, 5
  4673, 2
  4674, 2
  4675, 2
  4677, 5
  4678, 2
  4679, 2
  4680, 2
  4682, 2
  4683, 1
  4684, 2
  4685, 1
  4686, 2
  4688, 1
  4689, 1
  4690, 4
  4691, 3
  4694, 3
  4696, 2
  4698, 3
  4699, 4
  4700, 3
  4701, 1
  4702, 5
  4703, 3
  4704, 5
  4705, 1
  4707, 2
  4708, 1
  4709, 2
  4711, 2
  4712, 1
  4714, 4
  4715, 3
  4716, 1
  4717, 3
  4718, 3
  4719, 6
  4720, 4
  4721, 4
  4722, 1
  4723, 2
  4724, 1
  4725, 1
  4726, 4
  4728, 3
  4729, 3
  4730, 3
  4731, 2
  4732, 2
  4733, 1
  4735, 1
  4736, 4
  4737, 2
  4738, 1
  4739, 2
  4740, 2
  4741, 2
  4742, 1
  4743, 2
  4744, 1
  4745, 1
  4746, 1
  4748, 1
  4749, 1
  4750, 1
  4752, 3
  4753, 2
  4755, 2
  4757, 3
  4758, 3
  4761, 1
  4762, 1
  4763, 2
  4764, 2
  4765, 2
  4766, 3
  4767, 1
  4768, 2
  4769, 2
  4770, 2
  4771, 2
  4772, 1
  4773, 3
  4775, 2
  4776, 2
  4777, 4
  4779, 3
  4780, 3
  4781, 3
  4782, 1
  4783, 3
  4784, 1
  4785, 1
  4787, 3
  4788, 1
  4789, 2
  4790, 2
  4791, 2
  4792, 2
  4793, 3
  4794, 4
  4796, 1
  4797, 2
  4798, 2
  4799, 1
  4800, 2
  4801, 3
  4802, 2
  4803, 1
  4804, 3
  4805, 1
  4806, 3
  4807, 1
  4808, 1
  4810, 1
  4811, 2
  4812, 1
  4814, 1
  4815, 1
  4816, 1
  4818, 2
  4819, 1
  4820, 4
  4821, 1
  4823, 3
  4824, 2
  4825, 1
  4828, 3
  4829, 1
  4830, 2
  4831, 2
  4832, 3
  4833, 5
  4837, 1
  4838, 1
  4840, 1
  4842, 1
  4843, 2
  4844, 1
  4845, 1
  4846, 1
  4847, 2
  4848, 1
  4850, 2
  4853, 1
  4854, 2
  4855, 3
  4856, 1
  4857, 4
  4858, 1
  4859, 2
  4860, 1
  4861, 4
  4862, 3
  4863, 2
  4864, 1
  4865, 2
  4866, 1
  4867, 3
  4869, 2
  4871, 1
  4873, 2
  4874, 1
  4875, 1
  4876, 1
  4879, 2
  4881, 1
  4882, 2
  4883, 3
  4884, 3
  4886, 2
  4887, 1
  4888, 3
  4889, 3
  4890, 2
  4891, 2
  4892, 1
  4893, 1
  4894, 1
  4895, 1
  4896, 3
  4897, 2
  4899, 3
  4900, 2
  4901, 2
  4902, 2
  4903, 1
  4904, 2
  4905, 5
  4906, 1
  4907, 1
  4909, 2
  4912, 1
  4915, 2
  4916, 4
  4918, 1
  4919, 1
  4920, 1
  4921, 1
  4922, 3
  4923, 1
  4924, 3
  4927, 1
  4928, 2
  4929, 1
  4931, 4
  4932, 1
  4933, 1
  4934, 2
  4935, 1
  4936, 1
  4937, 1
  4938, 1
  4939, 4
  4942, 4
  4943, 2
  4944, 3
  4945, 1
  4946, 1
  4948, 1
  4949, 1
  4950, 1
  4951, 2
  4953, 1
  4955, 1
  4956, 1
  4957, 1
  4958, 2
  4961, 1
  4963, 1
  4964, 2
  4965, 2
  4966, 2
  4967, 2
  4968, 2
  4969, 1
  4971, 2
  4972, 4
  4973, 1
  4974, 1
  4975, 1
  4976, 3
  4977, 3
  4978, 1
  4981, 3
  4982, 1
  4983, 4
  4985, 3
  4986, 1
  4987, 1
  4988, 3
  4989, 1
  4990, 3
  4991, 1
  4993, 3
  4995, 1
  4996, 1
  4997, 3
  4998, 1
  4999, 1
  5000, 4
  5001, 2
  5005, 2
  5007, 2
  5008, 1
  5011, 2
  5012, 2
  5014, 1
  5015, 2
  5016, 2
  5017, 1
  5019, 1
  5021, 2
  5024, 4
  5027, 3
  5028, 2
  5029, 1
  5030, 1
  5031, 4
  5035, 2
  5036, 2
  5037, 2
  5038, 3
  5039, 1
  5040, 1
  5041, 3
  5042, 3
  5044, 1
  5045, 1
  5046, 2
  5047, 2
  5048, 2
  5050, 1
  5051, 1
  5052, 1
  5054, 1
  5055, 3
  5057, 5
  5058, 2
  5060, 1
  5061, 1
  5069, 1
  5070, 1
  5071, 4
  5072, 3
  5074, 1
  5076, 1
  5079, 1
  5082, 2
  5083, 1
  5084, 3
  5085, 1
  5086, 2
  5087, 1
  5088, 3
  5089, 1
  5090, 2
  5091, 2
  5093, 1
  5094, 2
  5097, 1
  5098, 1
  5100, 1
  5101, 2
  5102, 2
  5103, 2
  5105, 2
  5108, 1
  5109, 1
  5110, 1
  5111, 2
  5112, 3
  5113, 2
  5115, 5
  5117, 1
  5118, 1
  5119, 3
  5120, 1
  5121, 1
  5123, 1
  5124, 1
  5125, 3
  5126, 1
  5129, 1
  5130, 1
  5132, 1
  5133, 3
  5134, 2
  5135, 1
  5137, 1
  5138, 1
  5139, 3
  5140, 2
  5141, 2
  5144, 4
  5146, 2
  5150, 1
  5154, 2
  5156, 1
  5157, 1
  5158, 3
  5159, 1
  5160, 2
  5163, 2
  5166, 1
  5167, 3
  5168, 1
  5169, 1
  5170, 1
  5173, 2
  5177, 3
  5178, 2
  5179, 1
  5180, 1
  5181, 3
  5182, 1
  5183, 1
  5184, 3
  5187, 1
  5189, 1
  5190, 2
  5191, 3
  5192, 3
  5193, 2
  5194, 1
  5195, 2
  5197, 1
  5198, 2
  5199, 1
  5201, 1
  5202, 1
  5203, 3
  5204, 1
  5205, 1
  5206, 1
  5208, 3
  5211, 1
  5212, 1
  5213, 2
  5215, 1
  5217, 2
  5218, 2
  5219, 1
  5220, 2
  5222, 2
  5223, 1
  5224, 2
  5225, 2
  5227, 1
  5228, 1
  5229, 1
  5230, 3
  5231, 2
  5232, 2
  5236, 2
  5237, 2
  5239, 1
  5240, 1
  5243, 1
  5244, 1
  5245, 3
  5249, 1
  5250, 3
  5254, 1
  5256, 1
  5258, 3
  5259, 4
  5260, 2
  5262, 1
  5264, 1
  5266, 1
  5269, 3
  5270, 2
  5271, 1
  5272, 3
  5273, 1
  5274, 4
  5275, 1
  5276, 2
  5277, 1
  5279, 1
  5281, 1
  5283, 2
  5284, 1
  5285, 1
  5287, 1
  5291, 1
  5292, 2
  5293, 1
  5294, 2
  5297, 2
  5300, 4
  5301, 2
  5302, 2
  5303, 2
  5304, 1
  5306, 1
  5308, 1
  5311, 2
  5318, 3
  5319, 2
  5320, 1
  5321, 1
  5322, 6
  5323, 1
  5324, 2
  5326, 2
  5327, 5
  5328, 1
  5329, 1
  5332, 3
  5333, 3
  5334, 1
  5335, 1
  5337, 1
  5338, 1
  5340, 1
  5342, 2
  5343, 1
  5344, 1
  5345, 1
  5346, 2
  5348, 1
  5349, 1
  5350, 2
  5351, 1
  5352, 2
  5354, 1
  5355, 2
  5356, 1
  5357, 1
  5360, 1
  5361, 2
  5362, 1
  5363, 1
  5364, 2
  5365, 2
  5366, 1
  5367, 1
  5368, 1
  5371, 4
  5373, 1
  5374, 3
  5375, 2
  5377, 1
  5378, 3
  5379, 1
  5380, 1
  5381, 1
  5382, 1
  5383, 1
  5384, 1
  5385, 1
  5388, 1
  5389, 2
  5390, 1
  5391, 1
  5392, 2
  5396, 2
  5397, 2
  5398, 1
  5400, 2
  5401, 1
  5403, 1
  5404, 1
  5405, 3
  5406, 1
  5407, 1
  5408, 3
  5409, 1
  5410, 2
  5411, 1
  5412, 2
  5413, 1
  5415, 2
  5417, 1
  5420, 2
  5421, 2
  5422, 2
  5423, 1
  5424, 1
  5426, 1
  5428, 1
  5429, 3
  5430, 1
  5431, 1
  5432, 1
  5434, 2
  5435, 2
  5436, 1
  5438, 1
  5439, 1
  5440, 1
  5441, 2
  5442, 2
  5445, 1
  5446, 1
  5448, 1
  5449, 2
  5450, 1
  5451, 2
  5453, 2
  5454, 2
  5455, 1
  5459, 1
  5461, 2
  5462, 3
  5463, 3
  5464, 1
  5466, 1
  5467, 3
  5470, 1
  5471, 1
  5472, 1
  5476, 1
  5479, 3
  5480, 1
  5481, 2
  5482, 1
  5483, 2
  5484, 2
  5486, 2
  5488, 1
  5489, 1
  5490, 1
  5492, 1
  5493, 2
  5495, 2
  5496, 1
  5499, 3
  5500, 1
  5501, 1
  5502, 1
  5503, 1
  5504, 1
  5505, 2
  5507, 2
  5508, 1
  5509, 1
  5510, 2
  5512, 1
  5514, 2
  5515, 1
  5516, 1
  5517, 2
  5518, 2
  5519, 2
  5522, 1
  5523, 1
  5524, 1
  5525, 1
  5527, 4
  5528, 4
  5529, 1
  5530, 1
  5531, 1
  5532, 2
  5533, 1
  5535, 2
  5537, 2
  5538, 1
  5541, 1
  5542, 2
  5545, 1
  5547, 1
  5551, 1
  5554, 2
  5555, 1
  5557, 1
  5558, 1
  5559, 1
  5561, 1
  5562, 1
  5563, 1
  5565, 1
  5568, 1
  5569, 2
  5570, 1
  5574, 1
  5577, 2
  5579, 1
  5580, 1
  5582, 2
  5584, 1
  5587, 1
  5591, 2
  5593, 2
  5597, 1
  5599, 1
  5601, 3
  5602, 1
  5605, 1
  5606, 2
  5607, 1
  5608, 3
  5609, 1
  5610, 2
  5612, 1
  5615, 1
  5616, 1
  5617, 2
  5618, 1
  5620, 1
  5621, 1
  5622, 1
  5623, 2
  5627, 1
  5630, 2
  5631, 3
  5633, 1
  5634, 1
  5635, 4
  5637, 1
  5638, 1
  5639, 4
  5640, 1
  5641, 1
  5642, 2
  5645, 3
  5648, 1
  5649, 1
  5651, 1
  5652, 2
  5653, 1
  5655, 1
  5656, 1
  5657, 1
  5659, 1
  5665, 1
  5666, 1
  5670, 1
  5671, 1
  5672, 1
  5673, 2
  5677, 1
  5678, 1
  5679, 1
  5682, 1
  5684, 2
  5685, 1
  5687, 2
  5692, 1
  5694, 1
  5695, 1
  5698, 2
  5699, 1
  5700, 1
  5701, 2
  5702, 1
  5706, 1
  5709, 1
  5712, 2
  5713, 1
  5721, 1
  5722, 1
  5724, 2
  5728, 1
  5730, 1
  5731, 1
  5734, 1
  5739, 3
  5740, 1
  5742, 1
  5743, 1
  5744, 1
  5745, 3
  5746, 1
  5748, 1
  5754, 1
  5755, 1
  5758, 1
  5763, 2
  5764, 1
  5768, 1
  5769, 1
  5770, 1
  5771, 1
  5774, 1
  5776, 2
  5779, 1
  5781, 1
  5783, 1
  5784, 1
  5786, 1
  5787, 1
  5789, 1
  5791, 1
  5793, 1
  5794, 2
  5796, 1
  5798, 1
  5803, 2
  5804, 2
  5805, 1
  5806, 1
  5808, 1
  5809, 1
  5811, 2
  5812, 1
  5815, 1
  5816, 1
  5817, 1
  5820, 1
  5821, 2
  5822, 1
  5823, 1
  5826, 2
  5827, 3
  5834, 1
  5840, 1
  5841, 1
  5845, 1
  5846, 2
  5849, 2
  5850, 1
  5855, 2
  5857, 2
  5862, 1
  5864, 1
  5866, 1
  5867, 1
  5868, 1
  5873, 1
  5874, 1
  5875, 2
  5876, 1
  5878, 1
  5880, 2
  5881, 2
  5882, 1
  5883, 1
  5884, 1
  5885, 1
  5889, 1
  5891, 1
  5892, 1
  5895, 1
  5899, 1
  5903, 2
  5904, 2
  5905, 1
  5908, 1
  5909, 1
  5910, 2
  5911, 2
  5913, 1
  5914, 3
  5915, 1
  5917, 1
  5920, 1
  5922, 1
  5923, 1
  5927, 1
  5931, 3
  5933, 1
  5934, 1
  5936, 1
  5937, 1
  5944, 1
  5945, 2
  5947, 1
  5948, 2
  5949, 1
  5950, 1
  5952, 1
  5953, 1
  5954, 1
  5955, 1
  5958, 2
  5959, 1
  5960, 1
  5961, 1
  5963, 1
  5966, 1
  5971, 1
  5974, 1
  5975, 1
  5978, 2
  5979, 1
  5980, 1
  5981, 1
  5982, 1
  5983, 1
  5988, 1
  5990, 3
  5992, 3
  5993, 1
  5994, 3
  5995, 2
  6001, 2
  6003, 1
  6004, 1
  6006, 1
  6011, 2
  6012, 2
  6013, 2
  6015, 1
  6018, 1
  6019, 1
  6022, 1
  6024, 1
  6025, 1
  6026, 1
  6027, 1
  6028, 1
  6029, 1
  6030, 1
  6032, 1
  6033, 1
  6039, 1
  6042, 1
  6043, 2
  6046, 1
  6047, 1
  6048, 1
  6049, 1
  6051, 5
  6052, 1
  6054, 1
  6059, 1
  6060, 1
  6061, 1
  6063, 2
  6066, 1
  6069, 1
  6070, 1
  6072, 1
  6075, 2
  6076, 2
  6084, 1
  6085, 1
  6088, 1
  6092, 1
  6097, 4
  6098, 1
  6101, 2
  6102, 1
  6104, 1
  6105, 2
  6110, 1
  6112, 1
  6113, 2
  6114, 1
  6115, 2
  6117, 1
  6119, 3
  6120, 2
  6121, 1
  6122, 1
  6124, 1
  6127, 2
  6130, 1
  6132, 1
  6134, 1
  6135, 1
  6138, 2
  6139, 3
  6140, 1
  6142, 2
  6144, 1
  6155, 3
  6156, 1
  6157, 1
  6162, 1
  6163, 1
  6165, 2
  6166, 2
  6167, 1
  6169, 1
  6173, 1
  6175, 1
  6182, 1
  6183, 1
  6184, 1
  6187, 1
  6191, 2
  6193, 1
  6196, 3
  6199, 2
  6201, 1
  6203, 1
  6205, 1
  6206, 1
  6207, 1
  6212, 1
  6214, 3
  6218, 1
  6220, 1
  6223, 1
  6226, 2
  6229, 1
  6232, 2
  6237, 1
  6239, 1
  6245, 1
  6247, 1
  6248, 1
  6250, 2
  6251, 1
  6255, 1
  6256, 2
  6261, 1
  6265, 1
  6268, 1
  6273, 2
  6276, 1
  6278, 1
  6279, 3
  6283, 1
  6284, 1
  6286, 1
  6287, 1
  6289, 1
  6291, 2
  6292, 1
  6294, 1
  6295, 2
  6304, 1
  6305, 2
  6308, 1
  6310, 1
  6312, 1
  6314, 1
  6316, 1
  6319, 1
  6320, 2
  6321, 1
  6322, 1
  6326, 1
  6328, 2
  6330, 1
  6335, 1
  6337, 1
  6345, 1
  6348, 1
  6352, 1
  6353, 1
  6354, 2
  6355, 1
  6358, 1
  6374, 2
  6377, 1
  6378, 1
  6387, 2
  6390, 1
  6394, 2
  6395, 1
  6398, 1
  6400, 1
  6407, 1
  6408, 1
  6409, 1
  6415, 2
  6419, 1
  6422, 2
  6425, 1
  6426, 1
  6427, 2
  6430, 2
  6431, 1
  6432, 1
  6436, 1
  6440, 2
  6441, 1
  6445, 1
  6446, 1
  6448, 1
  6453, 1
  6459, 1
  6461, 1
  6466, 1
  6467, 1
  6470, 2
  6472, 1
  6474, 1
  6478, 1
  6479, 3
  6481, 1
  6483, 1
  6484, 1
  6485, 1
  6486, 1
  6487, 1
  6488, 1
  6489, 1
  6491, 1
  6492, 1
  6496, 1
  6497, 1
  6498, 1
  6501, 1
  6502, 1
  6505, 1
  6508, 1
  6509, 1
  6512, 1
  6513, 2
  6514, 2
  6517, 1
  6519, 2
  6520, 1
  6524, 2
  6526, 1
  6527, 1
  6528, 1
  6530, 1
  6531, 1
  6534, 2
  6535, 1
  6537, 1
  6539, 2
  6542, 1
  6545, 1
  6550, 1
  6555, 1
  6556, 1
  6557, 1
  6558, 1
  6560, 2
  6563, 1
  6564, 1
  6565, 1
  6567, 1
  6574, 1
  6575, 1
  6577, 2
  6578, 1
  6579, 1
  6580, 1
  6585, 1
  6586, 1
  6589, 1
  6595, 1
  6596, 1
  6601, 3
  6602, 2
  6603, 1
  6604, 2
  6611, 1
  6612, 1
  6623, 2
  6629, 1
  6636, 1
  6637, 1
  6649, 1
  6652, 1
  6658, 2
  6661, 1
  6662, 1
  6664, 1
  6666, 1
  6671, 2
  6685, 1
  6686, 2
  6694, 2
  6695, 1
  6706, 1
  6717, 2
  6721, 2
  6726, 1
  6727, 1
  6728, 2
  6735, 1
  6736, 1
  6738, 1
  6741, 1
  6744, 1
  6746, 1
  6747, 1
  6751, 1
  6759, 1
  6761, 1
  6762, 1
  6768, 2
  6769, 2
  6770, 1
  6772, 2
  6775, 1
  6778, 1
  6781, 1
  6782, 2
  6788, 1
  6789, 1
  6795, 1
  6802, 1
  6804, 1
  6805, 1
  6806, 1
  6808, 1
  6810, 1
  6811, 1
  6816, 1
  6818, 1
  6819, 1
  6820, 2
  6823, 1
  6832, 1
  6840, 1
  6843, 1
  6846, 1
  6852, 1
  6853, 1
  6854, 1
  6856, 1
  6857, 1
  6860, 1
  6863, 1
  6864, 1
  6873, 1
  6877, 1
  6879, 1
  6881, 1
  6883, 1
  6895, 2
  6901, 1
  6903, 1
  6905, 1
  6910, 1
  6915, 1
  6916, 1
  6917, 1
  6918, 1
  6919, 1
  6920, 1
  6921, 1
  6924, 1
  6927, 1
  6931, 1
  6933, 1
  6938, 1
  6941, 1
  6951, 1
  6955, 1
  6961, 1
  6973, 1
  6974, 2
  6976, 1
  6986, 1
  6988, 1
  6993, 2
  6997, 1
  6999, 1
  7000, 3
  7001, 1
  7005, 1
  7007, 1
  7012, 1
  7013, 1
  7019, 1
  7022, 1
  7029, 1
  7030, 1
  7032, 1
  7034, 1
  7044, 1
  7045, 1
  7046, 1
  7047, 1
  7048, 1
  7053, 1
  7059, 2
  7060, 1
  7063, 1
  7066, 1
  7067, 1
  7068, 4
  7071, 1
  7073, 1
  7077, 1
  7078, 1
  7084, 1
  7088, 1
  7091, 1
  7094, 2
  7097, 1
  7100, 1
  7104, 1
  7107, 1
  7108, 1
  7112, 1
  7122, 2
  7123, 1
  7128, 1
  7133, 1
  7137, 1
  7142, 1
  7143, 1
  7148, 1
  7150, 1
  7157, 1
  7158, 1
  7165, 1
  7167, 1
  7173, 2
  7178, 1
  7190, 1
  7193, 1
  7194, 2
  7195, 1
  7211, 1
  7213, 1
  7215, 1
  7216, 1
  7218, 1
  7219, 2
  7224, 1
  7225, 1
  7227, 1
  7229, 1
  7231, 1
  7233, 1
  7235, 1
  7238, 1
  7241, 1
  7244, 1
  7245, 2
  7247, 1
  7251, 1
  7266, 1
  7268, 2
  7274, 1
  7278, 2
  7284, 1
  7285, 1
  7286, 1
  7291, 1
  7298, 1
  7299, 1
  7313, 1
  7315, 1
  7317, 1
  7320, 1
  7321, 1
  7323, 1
  7327, 1
  7330, 2
  7331, 1
  7332, 1
  7337, 1
  7348, 1
  7357, 1
  7359, 1
  7366, 1
  7372, 1
  7374, 1
  7377, 1
  7386, 1
  7392, 2
  7394, 2
  7396, 2
  7399, 1
  7401, 2
  7409, 1
  7414, 1
  7417, 1
  7419, 1
  7420, 1
  7422, 1
  7424, 1
  7429, 1
  7434, 1
  7448, 1
  7451, 1
  7452, 1
  7456, 1
  7457, 2
  7463, 1
  7465, 1
  7472, 1
  7479, 1
  7480, 1
  7481, 1
  7483, 1
  7484, 1
  7492, 1
  7496, 1
  7502, 1
  7506, 1
  7507, 1
  7510, 1
  7511, 1
  7517, 1
  7520, 2
  7525, 1
  7529, 1
  7530, 1
  7534, 1
  7546, 1
  7547, 1
  7554, 1
  7559, 1
  7562, 1
  7566, 1
  7568, 2
  7570, 1
  7593, 1
  7595, 1
  7598, 1
  7616, 1
  7618, 1
  7627, 1
  7636, 1
  7637, 1
  7645, 1
  7648, 1
  7650, 1
  7652, 1
  7657, 1
  7658, 1
  7662, 1
  7671, 1
  7673, 1
  7688, 1
  7690, 1
  7695, 1
  7698, 1
  7713, 2
  7720, 1
  7723, 1
  7725, 1
  7730, 1
  7733, 1
  7734, 1
  7736, 1
  7739, 1
  7741, 1
  7744, 1
  7745, 1
  7751, 1
  7762, 1
  7768, 1
  7772, 1
  7773, 1
  7779, 1
  7787, 1
  7791, 1
  7792, 1
  7796, 1
  7800, 1
  7809, 1
  7816, 1
  7822, 1
  7829, 1
  7833, 1
  7837, 1
  7842, 1
  7844, 1
  7883, 1
  7886, 1
  7887, 1
  7888, 1
  7889, 1
  7896, 1
  7899, 1
  7903, 1
  7907, 2
  7912, 1
  7916, 1
  7924, 1
  7926, 2
  7928, 1
  7938, 1
  7939, 1
  7957, 1
  7958, 1
  7959, 1
  7961, 2
  7962, 1
  7963, 1
  7967, 1
  7981, 1
  7984, 1
  7989, 1
  8008, 1
  8025, 1
  8026, 2
  8042, 2
  8051, 1
  8053, 2
  8065, 1
  8071, 1
  8072, 1
  8074, 1
  8075, 1
  8091, 1
  8098, 1
  8107, 1
  8120, 1
  8127, 1
  8132, 1
  8135, 1
  8136, 2
  8138, 1
  8143, 1
  8157, 1
  8165, 1
  8166, 2
  8181, 1
  8182, 1
  8190, 1
  8196, 1
  8202, 1
  8211, 1
  8212, 1
  8225, 1
  8226, 1
  8233, 2
  8235, 1
  8249, 1
  8253, 1
  8256, 1
  8260, 1
  8276, 1
  8282, 1
  8285, 1
  8293, 2
  8296, 1
  8305, 1
  8308, 1
  8312, 2
  8315, 1
  8319, 2
  8321, 1
  8346, 1
  8347, 1
  8360, 1
  8364, 1
  8365, 1
  8368, 1
  8392, 2
  8393, 1
  8416, 1
  8420, 1
  8432, 2
  8444, 1
  8447, 1
  8449, 1
  8457, 1
  8460, 1
  8466, 1
  8469, 1
  8476, 1
  8490, 1
  8493, 1
  8498, 1
  8511, 1
  8529, 1
  8533, 1
  8545, 1
  8551, 1
  8553, 1
  8566, 1
  8567, 2
  8569, 1
  8576, 1
  8588, 1
  8594, 1
  8601, 1
  8602, 1
  8615, 1
  8623, 1
  8633, 1
  8647, 1
  8661, 1
  8676, 1
  8679, 1
  8683, 1
  8686, 1
  8694, 1
  8696, 1
  8698, 1
  8716, 1
  8728, 1
  8729, 1
  8730, 1
  8737, 1
  8742, 1
  8750, 1
  8753, 1
  8761, 1
  8766, 1
  8774, 1
  8778, 1
  8787, 1
  8793, 1
  8801, 1
  8803, 1
  8804, 1
  8818, 1
  8819, 1
  8823, 1
  8828, 1
  8830, 1
  8833, 1
  8841, 1
  8845, 1
  8849, 1
  8854, 1
  8861, 1
  8867, 1
  8880, 1
  8889, 1
  8908, 1
  8911, 1
  8916, 1
  8924, 1
  8927, 1
  8929, 1
  8938, 1
  8959, 1
  8982, 1
  8983, 1
  8987, 1
  8992, 1
  9010, 1
  9016, 1
  9025, 1
  9038, 1
  9041, 1
  9043, 1
  9046, 1
  9048, 1
  9057, 1
  9082, 1
  9086, 1
  9090, 1
  9092, 1
  9102, 1
  9106, 1
  9119, 1
  9169, 2
  9193, 1
  9195, 1
  9207, 1
  9209, 1
  9213, 1
  9216, 1
  9244, 1
  9246, 1
  9266, 1
  9275, 1
  9288, 1
  9332, 1
  9336, 2
  9345, 1
  9355, 1
  9356, 1
  9360, 1
  9377, 1
  9417, 1
  9435, 1
  9447, 1
  9455, 1
  9461, 1
  9473, 1
  9491, 1
  9512, 1
  9513, 1
  9514, 1
  9521, 1
  9525, 1
  9565, 1
  9586, 1
  9599, 1
  9614, 1
  9629, 1
  9644, 1
  9660, 1
  9677, 1
  9682, 1
  9684, 1
  9701, 1
  9711, 1
  9729, 1
  9754, 1
  9756, 2
  9788, 1
  9798, 1
  9807, 1
  9815, 1
  9820, 1
  9879, 1
  9891, 1
  9916, 2
  9918, 1
  9927, 1
  9944, 1
  9963, 1
  9982, 1
  9987, 1
  9999, 1
  10003, 1
  10039, 1
  10046, 1
  10051, 1
  10064, 1
  10066, 1
  10075, 1
  10080, 1
  10085, 1
  10117, 1
  10126, 1
  10129, 1
  10137, 1
  10140, 1
  10146, 1
  10149, 1
  10197, 1
  10229, 1
  10262, 1
  10287, 1
  10294, 1
  10302, 1
  10308, 1
  10321, 1
  10341, 1
  10414, 1
  10452, 1
  10468, 1
  10476, 1
  10487, 1
  10492, 1
  10494, 1
  10517, 1
  10520, 1
  10523, 1
  10541, 1
  10548, 1
  10562, 1
  10578, 1
  10585, 1
  10587, 1
  10595, 1
  10602, 1
  10605, 1
  10618, 1
  10619, 1
  10649, 1
  10667, 1
  10669, 1
  10695, 1
  10717, 1
  10720, 1
  10752, 1
  10762, 1
  10775, 1
  10798, 1
  10800, 1
  10822, 1
  10852, 1
  10853, 1
  10859, 1
  10885, 1
  10899, 1
  10918, 1
  10923, 1
  10990, 1
  11000, 1
  11003, 1
  11016, 1
  11053, 1
  11075, 1
  11077, 1
  11104, 1
  11114, 1
  11134, 1
  11168, 1
  11170, 1
  11195, 1
  11213, 1
  11217, 1
  11221, 1
  11226, 1
  11238, 1
  11246, 1
  11267, 1
  11292, 1
  11304, 1
  11319, 1
  11320, 1
  11333, 1
  11334, 1
  11363, 1
  11377, 1
  11380, 1
  11385, 2
  11472, 1
  11550, 1
  11572, 1
  11600, 1
  11616, 1
  11695, 1
  11719, 1
  11729, 1
  11735, 1
  11741, 1
  11742, 1
  11768, 1
  11782, 1
  11799, 1
  11839, 1
  11863, 1
  11864, 1
  11872, 1
  11882, 2
  11916, 1
  11980, 1
  11990, 1
  11994, 1
  11998, 1
  12022, 1
  12103, 1
  12114, 1
  12164, 1
  12204, 1
  12242, 1
  12243, 1
  12256, 1
  12263, 1
  12282, 1
  12292, 1
  12347, 1
  12348, 1
  12353, 2
  12392, 1
  12397, 1
  12404, 1
  12431, 1
  12478, 1
  12485, 1
  12517, 1
  12626, 1
  12642, 1
  12669, 1
  12701, 1
  12710, 1
  12714, 1
  12802, 1
  12818, 1
  12896, 1
  12901, 1
  12916, 1
  12940, 1
  12987, 1
  12996, 1
  13013, 1
  13036, 1
  13056, 1
  13081, 1
  13158, 1
  13166, 1
  13221, 1
  13228, 1
  13352, 1
  13450, 1
  13472, 1
  13483, 1
  13570, 1
  13600, 1
  13610, 1
  13695, 1
  13713, 1
  13747, 1
  13765, 1
  13792, 1
  13864, 1
  13897, 1
  13903, 1
  13983, 1
  13984, 1
  14019, 1
  14032, 1
  14115, 1
  14158, 1
  14225, 1
  14226, 1
  14246, 1
  14249, 1
  14255, 1
  14257, 1
  14266, 1
  14283, 1
  14310, 1
  14316, 1
  14327, 1
  14331, 1
  14364, 1
  14405, 1
  14435, 1
  14510, 1
  14541, 1
  14604, 1
  14612, 1
  14667, 1
  14712, 1
  14764, 1
  14769, 1
  14837, 1
  14987, 1
  14992, 1
  15030, 1
  15095, 1
  15115, 2
  15146, 1
  15194, 1
  15227, 1
  15282, 1
  15305, 1
  15469, 1
  15544, 1
  15568, 1
  15620, 1
  15834, 1
  15862, 1
  15877, 1
  16280, 1
  16287, 1
  16357, 1
  16474, 1
  16502, 1
  16524, 1
  16555, 1
  16570, 1
  16596, 1
  16842, 1
  16888, 1
  16930, 1
  16935, 1
  17116, 1
  17161, 1
  17262, 1
  17291, 1
  17383, 1
  17490, 1
  17525, 1
  17536, 1
  17557, 1
  17595, 1
  17690, 1
  17827, 1
  18010, 1
  18148, 1
  18205, 1
  18234, 1
  18279, 1
  18295, 1
  18631, 1
  18640, 1
  18810, 1
  18947, 1
  18979, 1
  19029, 1
  19107, 1
  19331, 1
  19352, 1
  19448, 1
  19459, 1
  19460, 1
  19622, 1
  19679, 1
  19774, 1
  19969, 1
  20165, 1
  20198, 1
  20488, 1
  20498, 1
  20606, 1
  21052, 1
  21282, 1
  21373, 1
  21787, 1
  21866, 1
  22044, 1
  22210, 1
  22479, 2
  22651, 1
  22830, 1
  22881, 1
  22958, 1
  23386, 1
  23661, 1
  23689, 1
  23697, 1
  24069, 1
  24621, 1
  24628, 1
  24996, 1
  25047, 1
  25197, 1
  25231, 1
  25244, 1
  25526, 1
  25750, 1
  25769, 1
  25867, 1
  26036, 1
  26506, 1
  26597, 1
  26875, 1
  26924, 1
  27032, 1
  27038, 1
  27166, 1
  27352, 1
  27535, 1
  27626, 1
  27822, 1
  28364, 1
  28559, 1
  28697, 1
  31152, 1
  32163, 1
  34753, 1
  35859, 1
  41671, 1
  61796, 1